source,target,relation_type,weight,frequency,duration,amount
S0026,S0115,通信,0.614,48,141,0.0
S0229,S0251,通信,0.386,9,53,0.0
S0090,S0559,协作,0.735,10,217,0.0
S0031,S0033,协作,0.444,2,112,0.0
S0239,S0518,通信,0.172,39,14,0.0
S0204,S0575,通信,0.114,46,333,0.0
S0430,S0559,通信,0.925,15,230,0.0
S0285,S0604,资金,0.516,1,82,3087.53
S0349,S0433,通信,0.945,18,80,0.0
S0221,S0345,通信,0.462,7,48,0.0
S0100,S0390,通信,0.162,23,177,0.0
S0271,S0619,资金,0.813,2,236,983.39
S0128,S0550,资金,0.397,13,41,15545.81
S0301,S0566,协作,0.427,10,186,0.0
S0197,S0592,通信,0.657,46,36,0.0
S0047,S0234,资金,0.628,10,41,19417.26
S0104,S0239,通信,0.545,25,143,0.0
S0374,S0465,协作,0.477,3,190,0.0
S0215,S0364,协作,0.502,5,360,0.0
S0074,S0624,协作,0.7,3,274,0.0
S0168,S0251,通信,0.877,30,195,0.0
S0277,S0571,通信,0.933,15,351,0.0
S0058,S0333,资金,0.338,8,17,3560.94
S0324,S0411,通信,0.599,18,34,0.0
S0217,S0581,资金,0.867,11,109,3146.6
S0406,S0512,通信,0.284,42,235,0.0
S0147,S0272,通信,0.622,9,127,0.0
S0552,S0575,通信,0.954,17,300,0.0
S0439,S0598,通信,0.717,26,186,0.0
S0142,S0225,通信,0.254,33,253,0.0
S0049,S0094,通信,0.509,8,79,0.0
S0164,S0643,资金,0.937,14,306,4622.37
S0066,S0395,协作,0.551,7,306,0.0
S0480,S0542,协作,0.586,5,284,0.0
S0012,S0118,通信,0.767,44,275,0.0
S0274,S0349,通信,0.635,8,151,0.0
S0162,S0446,资金,0.347,15,2,3410.02
S0270,S0513,通信,0.924,49,92,0.0
S0109,S0520,资金,0.472,10,328,6865.25
S0520,S0624,资金,0.983,7,79,15424.16
S0166,S0383,资金,0.563,18,272,3819.34
S0001,S0614,通信,0.28,21,251,0.0
S0020,S0115,通信,0.722,24,158,0.0
S0060,S0246,资金,0.733,8,291,3616.9
S0081,S0088,协作,0.666,8,36,0.0
S0129,S0546,通信,0.413,9,338,0.0
S0487,S0563,通信,0.456,11,136,0.0
S0541,S0622,资金,0.924,14,109,4883.68
S0206,S0553,资金,0.591,10,205,470.79
S0383,S0449,通信,0.527,34,232,0.0
S0124,S0254,通信,0.948,15,33,0.0
S0022,S0347,通信,0.495,38,284,0.0
S0236,S0603,资金,0.99,8,4,5132.24
S0073,S0647,通信,0.118,4,118,0.0
S0033,S0070,协作,0.419,6,37,0.0
S0244,S0527,通信,0.372,18,343,0.0
S0220,S0498,协作,0.302,9,68,0.0
S0585,S0591,协作,0.666,8,125,0.0
S0417,S0485,通信,0.988,13,49,0.0
S0100,S0442,通信,0.189,23,217,0.0
S0421,S0479,协作,0.624,1,345,0.0
S0063,S0101,资金,0.409,13,174,881.9
S0112,S0255,通信,0.803,13,98,0.0
S0460,S0550,通信,0.381,9,217,0.0
S0188,S0286,通信,0.257,30,128,0.0
S0078,S0454,协作,0.465,9,51,0.0
S0052,S0554,协作,0.437,1,48,0.0
S0171,S0243,资金,0.497,14,249,947.99
S0219,S0493,通信,0.593,26,31,0.0
S0169,S0389,协作,0.599,1,200,0.0
S0272,S0466,通信,0.14,19,217,0.0
S0499,S0570,通信,0.606,10,98,0.0
S0223,S0304,资金,0.958,2,297,1799.93
S0063,S0556,通信,0.57,48,161,0.0
S0052,S0059,通信,0.69,38,245,0.0
S0515,S0544,资金,0.781,6,30,1337.48
S0083,S0521,资金,0.386,6,36,4149.78
S0070,S0610,资金,0.591,8,207,7520.58
S0123,S0584,协作,0.691,4,297,0.0
S0041,S0609,资金,0.815,20,42,3077.22
S0430,S0598,资金,0.909,19,268,4419.97
S0268,S0324,协作,0.645,4,343,0.0
S0245,S0322,通信,0.218,17,203,0.0
S0135,S0308,协作,0.299,8,162,0.0
S0010,S0075,协作,0.494,8,319,0.0
S0103,S0577,通信,0.913,5,276,0.0
S0219,S0519,资金,0.704,9,68,2747.81
S0071,S0358,资金,0.56,8,190,1490.72
S0162,S0292,协作,0.736,8,279,0.0
S0310,S0627,通信,0.757,42,271,0.0
S0009,S0568,资金,0.536,10,340,6639.21
S0107,S0138,协作,0.215,5,60,0.0
S0110,S0567,通信,0.568,10,140,0.0
S0289,S0620,资金,0.712,7,176,5826.08
S0209,S0650,资金,0.337,9,259,11682.16
S0258,S0501,通信,0.309,4,48,0.0
S0434,S0650,通信,0.599,18,23,0.0
S0004,S0342,通信,0.365,50,67,0.0
S0166,S0269,通信,0.954,48,227,0.0
S0438,S0565,协作,0.566,9,5,0.0
S0078,S0115,协作,0.671,3,280,0.0
S0037,S0379,资金,0.305,19,283,6261.36
S0152,S0441,资金,0.832,5,22,8093.5
S0316,S0374,资金,0.793,2,184,2506.59
S0216,S0256,资金,0.633,4,182,5471.5
S0417,S0574,资金,0.834,20,80,3399.62
S0167,S0243,通信,0.703,12,212,0.0
S0026,S0184,通信,0.796,48,171,0.0
S0255,S0422,通信,0.664,18,82,0.0
S0111,S0392,通信,0.868,3,241,0.0
S0205,S0228,协作,0.798,8,180,0.0
S0234,S0313,资金,0.828,8,13,1983.31
S0198,S0409,通信,0.402,22,143,0.0
S0072,S0286,通信,0.796,23,329,0.0
S0410,S0522,协作,0.313,9,170,0.0
S0029,S0119,协作,0.617,5,92,0.0
S0272,S0595,资金,0.44,2,56,3291.59
S0445,S0611,资金,0.448,12,161,1566.3
S0447,S0621,资金,0.9,17,60,710.19
S0395,S0591,资金,0.602,7,131,1035.53
S0046,S0447,通信,0.355,1,267,0.0
S0202,S0552,通信,0.363,24,221,0.0
S0072,S0339,通信,0.364,40,161,0.0
S0128,S0308,通信,0.673,33,159,0.0
S0335,S0419,资金,0.757,13,357,1621.51
S0303,S0568,资金,0.72,5,99,1191.75
S0389,S0431,资金,0.545,6,316,2317.22
S0309,S0583,通信,0.71,26,281,0.0
S0001,S0312,资金,0.543,10,108,5705.12
S0441,S0594,通信,0.815,39,336,0.0
S0330,S0477,通信,0.228,29,227,0.0
S0219,S0524,通信,0.865,31,87,0.0
S0087,S0291,通信,0.993,33,340,0.0
S0635,S0649,资金,0.989,11,48,2764.51
S0241,S0318,通信,0.248,15,102,0.0
S0026,S0151,通信,0.739,3,126,0.0
S0487,S0626,通信,0.407,50,38,0.0
S0425,S0467,通信,0.922,41,295,0.0
S0200,S0394,通信,0.105,32,205,0.0
S0152,S0250,通信,0.914,42,353,0.0
S0006,S0110,资金,0.491,14,113,6010.67
S0181,S0531,通信,0.365,30,26,0.0
S0256,S0571,通信,0.947,8,234,0.0
S0137,S0476,资金,0.624,17,287,2008.29
S0325,S0610,资金,0.899,15,314,5299.35
S0437,S0517,通信,0.782,36,229,0.0
S0163,S0487,通信,0.369,29,133,0.0
S0254,S0284,通信,0.496,50,267,0.0
S0497,S0642,资金,0.958,8,141,8254.99
S0080,S0451,协作,0.304,5,121,0.0
S0279,S0344,通信,0.205,21,277,0.0
S0083,S0142,资金,0.965,5,119,3988.4
S0157,S0393,通信,0.76,46,110,0.0
S0066,S0425,资金,0.709,14,170,600.24
S0478,S0556,通信,0.296,27,32,0.0
S0212,S0431,通信,0.623,25,300,0.0
S0021,S0590,通信,0.886,25,245,0.0
S0007,S0361,资金,0.79,10,200,883.95
S0430,S0552,通信,0.605,48,280,0.0
S0226,S0618,协作,0.25,8,113,0.0
S0280,S0447,通信,0.802,32,15,0.0
S0345,S0399,通信,0.168,43,348,0.0
S0170,S0415,通信,0.183,30,66,0.0
S0547,S0638,资金,0.458,1,202,3607.3
S0578,S0607,资金,0.732,1,43,3890.11
S0139,S0439,协作,0.334,8,94,0.0
S0052,S0267,协作,0.674,7,168,0.0
S0217,S0466,资金,0.693,11,173,1882.44
S0285,S0389,资金,0.322,14,130,648.24
S0084,S0482,资金,0.468,1,277,3051.32
S0054,S0359,通信,0.99,15,333,0.0
S0042,S0071,资金,0.397,1,127,1867.58
S0021,S0205,资金,0.928,20,79,2313.85
S0130,S0245,协作,0.676,8,343,0.0
S0118,S0578,通信,0.147,14,239,0.0
S0263,S0378,资金,0.409,6,311,3451.77
S0118,S0622,协作,0.415,3,160,0.0
S0111,S0593,协作,0.539,1,160,0.0
S0385,S0590,通信,0.226,26,102,0.0
S0078,S0607,资金,0.833,8,53,1458.97
S0309,S0615,通信,0.115,8,290,0.0
S0043,S0356,资金,0.354,18,220,7309.82
S0071,S0380,通信,0.642,33,332,0.0
S0013,S0350,协作,0.387,7,251,0.0
S0109,S0444,通信,0.689,24,326,0.0
S0157,S0471,资金,0.532,14,91,1450.39
S0277,S0535,资金,0.842,20,276,1390.92
S0477,S0496,通信,0.724,28,304,0.0
S0275,S0331,资金,0.462,8,45,4489.29
S0286,S0462,通信,0.388,16,238,0.0
S0584,S0625,通信,0.909,43,195,0.0
S0030,S0345,协作,0.466,8,167,0.0
S0187,S0500,资金,0.672,7,182,3528.72
S0265,S0349,资金,0.495,9,306,1472.02
S0283,S0570,资金,0.32,1,265,1162.02
S0088,S0196,协作,0.294,4,209,0.0
S0501,S0569,通信,0.566,49,124,0.0
S0488,S0503,资金,0.367,15,9,1240.25
S0096,S0302,协作,0.23,4,208,0.0
S0250,S0314,通信,0.442,43,298,0.0
S0378,S0485,通信,0.357,36,272,0.0
S0353,S0436,通信,0.383,48,282,0.0
S0339,S0361,通信,0.803,45,233,0.0
S0278,S0314,通信,0.5,17,119,0.0
S0124,S0198,协作,0.595,6,62,0.0
S0190,S0549,通信,0.949,13,111,0.0
S0284,S0496,通信,0.197,47,302,0.0
S0538,S0612,资金,0.65,10,52,977.71
S0199,S0304,通信,0.325,15,185,0.0
S0184,S0310,资金,0.492,1,363,2581.28
S0130,S0547,协作,0.536,5,24,0.0
S0056,S0567,协作,0.628,5,358,0.0
S0130,S0503,资金,0.527,4,7,3651.86
S0292,S0588,通信,0.29,31,246,0.0
S0349,S0452,协作,0.692,3,27,0.0
S0259,S0490,通信,0.219,8,34,0.0
S0411,S0504,通信,0.657,5,296,0.0
S0055,S0645,通信,0.802,10,77,0.0
S0312,S0577,协作,0.315,2,128,0.0
S0122,S0572,通信,0.488,49,214,0.0
S0611,S0621,通信,0.278,40,116,0.0
S0390,S0536,通信,0.898,29,227,0.0
S0305,S0603,通信,0.547,28,157,0.0
S0583,S0636,协作,0.666,1,313,0.0
S0102,S0213,通信,0.609,41,109,0.0
S0084,S0271,通信,0.817,11,123,0.0
S0178,S0566,资金,0.783,3,81,8806.75
S0003,S0419,通信,0.244,29,353,0.0
S0482,S0609,通信,0.169,19,17,0.0
S0238,S0296,通信,0.847,46,145,0.0
S0073,S0465,协作,0.383,4,136,0.0
S0604,S0641,通信,0.352,43,102,0.0
S0118,S0436,通信,0.132,35,116,0.0
S0153,S0273,协作,0.328,3,37,0.0
S0062,S0170,通信,0.109,20,305,0.0
S0296,S0583,协作,0.639,8,64,0.0
S0312,S0480,协作,0.669,7,140,0.0
S0513,S0553,通信,0.323,32,225,0.0
S0083,S0613,资金,0.555,2,222,1691.88
S0331,S0619,资金,0.304,9,14,3158.25
S0094,S0235,资金,0.826,19,301,1457.28
S0022,S0276,通信,0.562,37,21,0.0
S0180,S0482,通信,0.184,34,334,0.0
S0285,S0453,通信,0.247,12,300,0.0
S0447,S0504,通信,0.386,6,241,0.0
S0357,S0419,通信,0.179,22,165,0.0
S0108,S0165,通信,0.274,22,211,0.0
S0296,S0508,通信,0.664,43,206,0.0
S0038,S0564,通信,0.352,30,46,0.0
S0259,S0323,通信,0.697,21,60,0.0
S0414,S0527,协作,0.655,1,337,0.0
S0474,S0556,资金,0.639,14,28,4923.22
S0193,S0531,通信,0.288,24,319,0.0
S0511,S0641,通信,0.92,29,27,0.0
S0209,S0274,资金,0.814,18,68,18824.28
S0295,S0449,通信,0.467,45,249,0.0
S0030,S0125,通信,0.254,41,312,0.0
S0163,S0246,协作,0.551,5,283,0.0
S0015,S0566,通信,0.823,27,48,0.0
S0117,S0231,通信,0.978,30,61,0.0
S0158,S0511,通信,0.404,46,150,0.0
S0280,S0522,通信,0.21,27,248,0.0
S0250,S0484,通信,0.683,30,283,0.0
S0149,S0393,协作,0.674,4,307,0.0
S0140,S0521,通信,0.591,5,142,0.0
S0349,S0425,通信,0.141,33,137,0.0
S0003,S0290,资金,0.675,10,301,3811.95
S0502,S0594,通信,0.252,10,229,0.0
S0496,S0552,通信,0.786,23,171,0.0
S0557,S0566,资金,0.747,13,234,155.54
S0194,S0330,协作,0.661,4,293,0.0
S0240,S0393,通信,0.502,50,211,0.0
S0045,S0326,资金,0.766,16,362,27612.36
S0391,S0396,通信,0.487,43,334,0.0
S0156,S0508,通信,0.216,3,65,0.0
S0515,S0605,通信,0.643,22,52,0.0
S0103,S0451,资金,0.478,17,234,3013.7
S0016,S0148,通信,0.543,27,336,0.0
S0077,S0159,通信,0.687,31,136,0.0
S0347,S0639,资金,0.854,13,333,3958.38
S0083,S0337,通信,0.359,44,274,0.0
S0325,S0390,通信,0.967,41,250,0.0
S0037,S0555,通信,0.237,40,36,0.0
S0241,S0647,协作,0.766,5,117,0.0
S0093,S0445,资金,0.304,4,325,36200.12
S0103,S0455,通信,0.44,11,356,0.0
S0030,S0307,通信,0.117,3,167,0.0
S0058,S0301,通信,0.949,23,192,0.0
S0150,S0442,通信,0.695,16,272,0.0
S0422,S0580,资金,0.476,6,88,930.0
S0081,S0180,通信,0.731,40,196,0.0
S0247,S0635,通信,0.997,32,299,0.0
S0147,S0238,通信,0.635,30,327,0.0
S0261,S0471,通信,0.214,17,342,0.0
S0010,S0477,通信,0.66,19,347,0.0
S0162,S0560,协作,0.705,2,227,0.0
S0354,S0602,通信,0.8,20,328,0.0
S0257,S0435,资金,0.807,15,155,5481.31
S0204,S0394,通信,0.67,31,55,0.0
S0243,S0391,协作,0.439,10,184,0.0
S0303,S0589,协作,0.555,5,12,0.0
S0282,S0406,通信,0.122,1,290,0.0
S0051,S0621,通信,0.592,48,255,0.0
S0236,S0294,协作,0.276,10,181,0.0
S0195,S0225,协作,0.718,10,129,0.0
S0141,S0644,通信,0.866,7,322,0.0
S0041,S0317,协作,0.636,8,18,0.0
S0374,S0594,资金,0.996,5,47,606.59
S0303,S0335,协作,0.569,7,90,0.0
S0136,S0206,资金,0.478,18,188,7145.06
S0514,S0544,资金,0.357,9,85,2384.73
S0264,S0494,通信,0.498,19,174,0.0
S0118,S0480,通信,0.716,5,73,0.0
S0232,S0407,协作,0.702,9,188,0.0
S0093,S0405,通信,0.214,1,136,0.0
S0127,S0550,协作,0.755,8,189,0.0
S0269,S0599,通信,0.549,25,327,0.0
S0111,S0381,通信,0.905,44,120,0.0
S0026,S0483,资金,0.502,20,288,5133.83
S0336,S0625,通信,0.902,15,332,0.0
S0065,S0476,通信,0.39,45,155,0.0
S0120,S0419,资金,0.404,5,24,3371.48
S0039,S0312,协作,0.43,8,60,0.0
S0100,S0241,资金,0.992,18,70,7512.58
S0398,S0465,通信,0.451,24,344,0.0
S0430,S0554,通信,0.224,38,80,0.0
S0102,S0425,通信,0.847,32,316,0.0
S0287,S0418,协作,0.443,1,354,0.0
S0223,S0380,通信,0.159,29,228,0.0
S0242,S0372,协作,0.478,2,352,0.0
S0377,S0558,通信,0.529,42,184,0.0
S0063,S0408,通信,0.54,18,98,0.0
S0126,S0466,协作,0.555,2,340,0.0
S0218,S0612,资金,0.555,1,26,6924.57
S0250,S0342,通信,0.615,9,290,0.0
S0071,S0211,通信,0.824,49,284,0.0
S0213,S0601,通信,0.995,14,120,0.0
S0152,S0337,通信,0.802,39,2,0.0
S0149,S0284,资金,0.837,5,277,9961.47
S0179,S0257,通信,0.543,8,339,0.0
S0027,S0135,资金,0.463,1,184,3944.63
S0244,S0603,资金,0.498,11,9,663.0
S0179,S0272,通信,0.35,4,65,0.0
S0432,S0539,资金,0.756,4,33,1407.12
S0460,S0488,通信,0.366,50,186,0.0
S0526,S0608,协作,0.514,2,232,0.0
S0227,S0516,通信,0.459,40,23,0.0
S0309,S0534,资金,0.757,15,330,2850.47
S0032,S0063,通信,0.979,31,206,0.0
S0111,S0437,资金,0.395,16,365,8190.27
S0076,S0455,通信,0.947,6,165,0.0
S0152,S0623,资金,0.813,3,65,6304.66
S0282,S0640,协作,0.785,10,281,0.0
S0333,S0391,协作,0.382,10,272,0.0
S0302,S0465,协作,0.577,9,310,0.0
S0102,S0441,协作,0.606,2,336,0.0
S0221,S0565,通信,0.433,28,232,0.0
S0234,S0424,资金,0.853,11,233,6443.63
S0409,S0426,通信,0.834,47,49,0.0
S0321,S0438,通信,0.169,21,341,0.0
S0262,S0384,通信,0.155,10,352,0.0
S0069,S0486,通信,0.196,6,44,0.0
S0096,S0443,通信,0.947,7,191,0.0
S0134,S0570,协作,0.471,1,301,0.0
S0126,S0338,协作,0.2,7,182,0.0
S0053,S0434,资金,0.731,10,308,512.98
S0320,S0361,通信,0.457,7,296,0.0
S0218,S0520,通信,0.473,10,337,0.0
S0230,S0494,资金,0.395,4,180,1772.36
S0377,S0570,通信,0.573,8,143,0.0
S0232,S0588,通信,0.881,28,288,0.0
S0629,S0637,通信,0.246,44,330,0.0
S0027,S0571,资金,0.327,20,337,1822.44
S0030,S0274,资金,0.789,6,140,1381.18
S0317,S0348,通信,0.329,23,4,0.0
S0147,S0186,通信,0.577,37,337,0.0
S0072,S0411,资金,0.715,5,325,2295.42
S0032,S0094,通信,0.255,48,272,0.0
S0221,S0386,协作,0.535,7,233,0.0
S0162,S0350,协作,0.423,6,160,0.0
S0333,S0582,资金,0.667,20,44,2145.95
S0054,S0160,资金,0.441,6,317,413.23
S0051,S0084,通信,0.812,18,227,0.0
S0435,S0498,协作,0.416,10,227,0.0
S0280,S0425,通信,0.276,14,263,0.0
S0117,S0354,资金,0.526,14,57,13928.23
S0291,S0608,协作,0.482,8,270,0.0
S0047,S0316,通信,0.996,15,203,0.0
S0057,S0614,通信,0.906,1,105,0.0
S0217,S0309,通信,0.807,50,71,0.0
S0262,S0297,资金,0.539,11,62,614.36
S0008,S0510,协作,0.208,7,90,0.0
S0133,S0390,通信,0.61,35,361,0.0
S0236,S0513,通信,0.649,36,343,0.0
S0074,S0363,通信,0.205,26,22,0.0
S0020,S0447,通信,0.27,30,40,0.0
S0321,S0590,通信,0.777,28,294,0.0
S0415,S0428,协作,0.701,5,59,0.0
S0022,S0415,通信,0.497,21,88,0.0
S0472,S0633,通信,0.338,45,186,0.0
S0091,S0448,资金,0.348,4,125,261.34
S0447,S0604,通信,0.323,26,269,0.0
S0081,S0406,协作,0.299,5,174,0.0
S0227,S0342,通信,0.113,50,87,0.0
S0079,S0523,通信,0.119,41,59,0.0
S0523,S0544,协作,0.695,4,179,0.0
S0152,S0360,资金,0.498,8,53,658.37
S0150,S0263,协作,0.526,4,89,0.0
S0157,S0617,通信,0.663,49,336,0.0
S0078,S0182,通信,0.229,50,322,0.0
S0476,S0506,资金,0.471,19,297,564.03
S0460,S0579,协作,0.771,10,166,0.0
S0324,S0643,协作,0.362,3,226,0.0
S0070,S0481,通信,0.527,29,324,0.0
S0282,S0311,通信,0.123,38,29,0.0
S0361,S0520,资金,0.664,3,159,12334.76
S0463,S0473,协作,0.321,1,30,0.0
S0294,S0378,通信,0.202,5,331,0.0
S0093,S0630,协作,0.667,10,260,0.0
S0394,S0474,协作,0.742,10,284,0.0
S0043,S0461,资金,0.616,19,334,7418.75
S0193,S0330,通信,0.506,39,244,0.0
S0155,S0514,协作,0.79,1,231,0.0
S0106,S0352,资金,0.83,3,259,526.69
S0041,S0177,资金,0.416,8,363,3494.26
S0449,S0450,资金,0.333,17,268,2064.68
S0163,S0625,协作,0.255,6,191,0.0
S0290,S0397,通信,0.705,27,174,0.0
S0054,S0613,通信,0.15,41,332,0.0
S0068,S0343,通信,0.789,22,49,0.0
S0396,S0572,通信,0.688,19,130,0.0
S0154,S0618,资金,0.316,11,42,3141.07
S0145,S0597,协作,0.269,6,159,0.0
S0133,S0402,通信,0.253,39,363,0.0
S0087,S0318,通信,0.656,36,193,0.0
S0131,S0337,通信,0.629,43,360,0.0
S0096,S0540,通信,0.399,42,344,0.0
S0434,S0521,资金,0.606,12,10,4869.9
S0317,S0372,资金,0.753,6,110,1877.59
S0350,S0498,资金,0.973,7,116,7388.04
S0141,S0159,资金,0.643,3,152,11682.4
S0104,S0520,资金,0.312,18,270,6278.56
S0039,S0345,通信,0.829,50,317,0.0
S0135,S0612,通信,0.758,25,79,0.0
S0167,S0186,通信,0.57,45,320,0.0
S0170,S0449,通信,0.263,3,211,0.0
S0244,S0374,协作,0.734,8,313,0.0
S0292,S0460,资金,0.622,8,274,8401.72
S0245,S0317,资金,0.341,16,100,13842.08
S0377,S0585,资金,0.838,15,237,4957.05
S0289,S0392,通信,0.215,33,271,0.0
S0166,S0429,通信,0.419,13,310,0.0
S0142,S0257,通信,0.758,4,329,0.0
S0381,S0493,资金,0.712,18,53,15223.29
S0128,S0529,协作,0.41,5,43,0.0
S0165,S0280,通信,0.69,29,263,0.0
S0151,S0448,通信,0.384,6,114,0.0
S0358,S0462,通信,0.162,2,213,0.0
S0055,S0406,协作,0.353,9,192,0.0
S0242,S0396,通信,0.139,6,192,0.0
S0029,S0230,资金,0.531,11,51,1728.29
S0150,S0344,通信,0.562,9,20,0.0
S0294,S0484,通信,0.496,45,72,0.0
S0460,S0481,通信,0.921,40,3,0.0
S0020,S0082,通信,0.725,17,111,0.0
S0154,S0562,通信,0.387,47,312,0.0
S0434,S0541,通信,0.917,8,148,0.0
S0244,S0309,通信,0.182,8,25,0.0
S0245,S0430,通信,0.194,41,319,0.0
S0065,S0469,通信,0.616,8,256,0.0
S0549,S0612,通信,0.128,2,324,0.0
S0528,S0589,资金,0.553,8,74,13670.3
S0299,S0440,通信,0.328,1,315,0.0
S0247,S0362,资金,0.493,19,214,1036.99
S0088,S0192,资金,0.521,17,185,2935.72
S0070,S0539,资金,0.866,18,260,642.6
S0520,S0568,通信,0.395,2,200,0.0
S0045,S0482,通信,0.263,41,199,0.0
S0260,S0383,资金,0.569,1,183,6896.45
S0070,S0354,通信,0.635,16,337,0.0
S0107,S0644,资金,0.347,19,171,2020.87
S0046,S0137,资金,0.841,12,280,4444.39
S0180,S0347,资金,0.705,15,357,608.53
S0491,S0647,协作,0.385,3,70,0.0
S0038,S0301,通信,0.339,13,23,0.0
S0043,S0205,通信,0.602,21,159,0.0
S0408,S0528,资金,0.764,18,243,13096.61
S0038,S0260,协作,0.732,4,147,0.0
S0049,S0366,协作,0.211,6,140,0.0
S0128,S0377,资金,0.446,14,205,4220.32
S0396,S0451,通信,0.151,22,96,0.0
S0509,S0510,通信,0.101,24,266,0.0
S0085,S0274,协作,0.215,7,41,0.0
S0441,S0617,通信,0.475,12,280,0.0
S0301,S0329,通信,0.921,7,41,0.0
S0303,S0336,通信,0.561,20,229,0.0
S0437,S0618,资金,0.952,6,354,1186.18
S0360,S0455,资金,0.863,15,22,2434.06
S0362,S0630,通信,0.898,28,141,0.0
S0059,S0077,通信,0.237,43,327,0.0
S0373,S0416,通信,0.149,33,348,0.0
S0032,S0164,通信,0.969,10,312,0.0
S0036,S0449,通信,0.669,9,35,0.0
S0242,S0376,资金,0.557,12,197,1422.66
S0034,S0581,通信,0.286,39,79,0.0
S0380,S0461,通信,0.672,24,228,0.0
S0079,S0588,通信,0.106,9,272,0.0
S0376,S0408,资金,0.945,11,333,4744.79
S0256,S0286,资金,0.527,4,14,4656.55
S0191,S0512,资金,0.4,17,199,10277.63
S0121,S0576,通信,0.809,17,134,0.0
S0220,S0457,协作,0.36,10,147,0.0
S0205,S0503,协作,0.249,2,70,0.0
S0076,S0463,资金,0.64,6,228,11836.01
S0090,S0328,资金,0.948,12,364,4074.74
S0067,S0564,通信,0.921,35,149,0.0
S0162,S0308,通信,0.868,46,364,0.0
S0179,S0371,通信,0.148,33,115,0.0
S0125,S0206,资金,0.462,5,122,4478.78
S0027,S0506,通信,0.375,24,284,0.0
S0378,S0587,通信,0.259,30,283,0.0
S0133,S0627,通信,0.501,6,34,0.0
S0317,S0408,通信,0.714,46,246,0.0
S0421,S0539,通信,0.949,50,210,0.0
S0076,S0589,协作,0.374,3,163,0.0
S0076,S0461,资金,0.862,15,349,3083.95
S0353,S0530,通信,0.682,9,283,0.0
S0187,S0602,资金,0.747,5,222,3529.54
S0057,S0515,通信,0.874,8,266,0.0
S0157,S0312,协作,0.331,3,83,0.0
S0231,S0331,通信,0.275,23,266,0.0
S0081,S0291,协作,0.606,5,101,0.0
S0282,S0565,资金,0.581,5,321,523.54
S0311,S0630,通信,0.814,35,48,0.0
S0173,S0515,协作,0.759,10,298,0.0
S0158,S0176,协作,0.441,10,310,0.0
S0346,S0578,通信,0.735,3,15,0.0
S0047,S0084,协作,0.285,10,136,0.0
S0216,S0586,通信,0.225,27,317,0.0
S0032,S0510,资金,0.514,18,149,6030.62
S0310,S0495,通信,0.164,16,351,0.0
S0305,S0416,通信,0.876,30,38,0.0
S0062,S0162,通信,0.726,29,213,0.0
S0476,S0496,资金,0.904,7,175,2728.26
S0148,S0622,通信,0.33,21,164,0.0
S0354,S0409,资金,0.42,5,190,3397.83
S0528,S0576,通信,0.516,7,164,0.0
S0248,S0478,通信,0.21,8,137,0.0
S0254,S0461,通信,0.157,10,50,0.0
S0052,S0298,通信,0.527,25,316,0.0
S0255,S0429,通信,0.882,11,168,0.0
S0321,S0592,资金,0.628,7,82,10315.39
S0511,S0528,协作,0.712,8,256,0.0
S0316,S0510,资金,0.396,1,47,2102.79
S0403,S0518,通信,0.141,30,124,0.0
S0221,S0598,协作,0.596,6,25,0.0
S0052,S0289,资金,0.518,16,306,1856.67
S0293,S0482,通信,0.439,35,5,0.0
S0111,S0442,资金,0.635,5,136,5888.55
S0375,S0413,协作,0.263,6,24,0.0
S0053,S0411,资金,0.659,19,288,6819.91
S0200,S0372,资金,0.813,18,148,1700.26
S0076,S0396,协作,0.634,9,231,0.0
S0287,S0564,通信,0.735,40,349,0.0
S0122,S0626,通信,0.318,9,50,0.0
S0383,S0404,通信,0.77,22,286,0.0
S0148,S0375,资金,0.464,7,309,3956.22
S0412,S0522,通信,0.309,33,21,0.0
S0040,S0047,资金,0.492,5,171,3529.56
S0486,S0532,资金,0.357,15,77,15709.33
S0528,S0621,资金,0.871,5,168,2138.25
S0327,S0628,协作,0.664,3,202,0.0
S0307,S0632,资金,0.322,19,173,1723.11
S0520,S0522,协作,0.392,9,251,0.0
S0307,S0577,资金,0.496,16,9,3107.14
S0340,S0378,资金,0.921,4,214,8304.05
S0316,S0598,通信,0.581,47,353,0.0
S0028,S0645,协作,0.396,10,243,0.0
S0272,S0593,协作,0.273,10,117,0.0
S0053,S0598,通信,0.914,31,88,0.0
S0537,S0645,通信,0.993,47,318,0.0
S0152,S0390,协作,0.282,4,17,0.0
S0113,S0587,资金,0.429,7,10,2239.21
S0322,S0452,通信,0.155,27,78,0.0
S0209,S0423,通信,0.427,27,257,0.0
S0483,S0627,通信,0.98,48,32,0.0
S0142,S0532,协作,0.642,4,288,0.0
S0333,S0490,资金,0.888,17,193,10600.12
S0178,S0322,协作,0.389,8,273,0.0
S0351,S0560,资金,0.891,12,347,1123.52
S0271,S0625,协作,0.631,8,99,0.0
S0253,S0286,通信,0.394,36,153,0.0
S0231,S0305,通信,0.785,50,148,0.0
S0213,S0501,通信,0.878,21,246,0.0
S0358,S0574,通信,0.255,47,141,0.0
S0125,S0295,通信,0.764,37,347,0.0
S0389,S0557,通信,0.496,26,177,0.0
S0150,S0298,通信,0.291,3,148,0.0
S0081,S0355,通信,0.853,29,336,0.0
S0263,S0491,资金,0.31,7,104,3252.42
S0278,S0552,协作,0.772,9,357,0.0
S0141,S0279,资金,0.612,4,316,35934.79
S0246,S0601,资金,0.791,8,26,2356.36
S0232,S0544,协作,0.593,4,27,0.0
S0103,S0424,通信,0.697,22,242,0.0
S0103,S0141,通信,0.461,1,282,0.0
S0162,S0417,资金,0.454,16,245,763.97
S0205,S0295,通信,0.956,21,147,0.0
S0061,S0092,通信,0.335,42,294,0.0
S0238,S0548,协作,0.641,1,90,0.0
S0181,S0428,资金,0.897,2,204,4230.23
S0191,S0508,资金,0.88,10,20,1551.71
S0010,S0306,资金,0.734,19,309,289.07
S0110,S0344,资金,0.74,10,233,276.48
S0537,S0557,资金,0.615,16,69,15724.87
S0480,S0517,协作,0.618,5,99,0.0
S0116,S0339,协作,0.692,3,235,0.0
S0191,S0264,资金,0.77,1,173,3679.55
S0303,S0582,协作,0.572,4,90,0.0
S0416,S0626,协作,0.613,7,264,0.0
S0089,S0336,资金,0.469,13,343,4724.14
S0098,S0190,资金,0.695,5,245,2771.52
S0255,S0332,协作,0.552,1,134,0.0
S0242,S0393,资金,0.832,15,137,1226.03
S0310,S0338,通信,0.525,38,294,0.0
S0012,S0268,通信,0.566,42,185,0.0
S0064,S0242,通信,0.279,43,61,0.0
S0315,S0477,通信,0.165,11,208,0.0
S0319,S0515,资金,0.898,4,328,5518.04
S0303,S0377,资金,0.552,20,114,714.19
S0137,S0225,资金,0.462,16,79,3721.51
S0466,S0621,协作,0.438,6,213,0.0
S0483,S0563,通信,0.831,49,276,0.0
S0224,S0254,通信,0.2,44,306,0.0
S0084,S0539,资金,0.707,15,271,1131.99
S0080,S0371,通信,0.354,37,58,0.0
S0064,S0561,通信,0.889,33,104,0.0
S0550,S0587,资金,0.511,5,85,6635.74
S0336,S0533,资金,0.441,15,60,2983.08
S0211,S0598,资金,0.705,16,47,2501.26
S0457,S0523,通信,0.383,4,233,0.0
S0136,S0526,通信,0.295,27,234,0.0
S0060,S0578,协作,0.252,9,237,0.0
S0023,S0316,通信,0.722,26,131,0.0
S0004,S0224,通信,0.662,38,38,0.0
S0047,S0434,协作,0.314,6,359,0.0
S0066,S0555,协作,0.532,1,36,0.0
S0033,S0484,通信,0.488,19,210,0.0
S0139,S0185,通信,0.753,50,329,0.0
S0384,S0431,资金,0.883,13,230,564.67
S0385,S0387,资金,0.329,3,350,8511.09
S0137,S0553,资金,0.612,12,61,11424.21
S0183,S0551,通信,0.657,26,271,0.0
S0131,S0229,通信,0.696,1,12,0.0
S0306,S0475,通信,0.202,44,279,0.0
S0435,S0545,资金,0.639,13,118,486.71
S0254,S0472,通信,0.442,23,80,0.0
S0194,S0283,通信,0.578,47,58,0.0
S0033,S0430,通信,0.652,40,9,0.0
S0212,S0247,协作,0.38,2,52,0.0
S0035,S0609,协作,0.521,8,307,0.0
S0050,S0251,资金,0.776,2,206,3420.28
S0240,S0450,通信,0.148,35,112,0.0
S0058,S0144,通信,0.422,33,149,0.0
S0240,S0590,通信,0.449,21,296,0.0
S0329,S0613,通信,0.764,16,155,0.0
S0147,S0534,协作,0.763,4,212,0.0
S0282,S0308,通信,0.731,4,286,0.0
S0180,S0606,协作,0.451,7,285,0.0
S0049,S0508,通信,0.943,23,330,0.0
S0391,S0538,资金,0.648,11,357,24084.95
S0419,S0427,通信,0.197,10,154,0.0
S0189,S0386,协作,0.568,9,243,0.0
S0231,S0247,通信,0.273,20,363,0.0
S0148,S0475,资金,0.709,2,288,4710.84
S0423,S0427,通信,0.42,36,272,0.0
S0138,S0398,资金,0.492,8,131,2035.36
S0209,S0339,协作,0.644,2,231,0.0
S0095,S0380,资金,0.383,18,98,1935.18
S0053,S0275,资金,0.824,13,345,1440.42
S0618,S0620,协作,0.623,1,38,0.0
S0193,S0602,协作,0.643,9,112,0.0
S0214,S0491,通信,0.339,22,156,0.0
S0016,S0217,资金,0.435,7,61,3199.95
S0249,S0491,协作,0.261,10,361,0.0
S0210,S0407,资金,0.868,8,283,1216.79
S0290,S0330,通信,0.152,25,239,0.0
S0368,S0547,通信,0.737,20,134,0.0
S0369,S0526,资金,0.929,16,239,1097.51
S0101,S0481,通信,0.749,49,164,0.0
S0209,S0380,通信,0.396,21,212,0.0
S0047,S0577,通信,0.122,15,75,0.0
S0017,S0268,通信,0.467,36,300,0.0
S0428,S0594,通信,0.223,19,79,0.0
S0201,S0338,资金,0.869,8,195,3713.75
S0252,S0584,通信,0.797,32,282,0.0
S0264,S0346,通信,0.556,49,251,0.0
S0472,S0503,协作,0.65,3,181,0.0
S0144,S0174,协作,0.282,9,251,0.0
S0189,S0556,通信,0.904,42,31,0.0
S0035,S0537,通信,0.359,5,343,0.0
S0007,S0050,资金,0.885,14,71,1974.65
S0237,S0646,协作,0.225,2,363,0.0
S0010,S0155,通信,0.661,14,259,0.0
S0383,S0467,通信,0.392,4,317,0.0
S0495,S0632,资金,0.536,16,9,6710.05
S0007,S0545,通信,0.353,36,211,0.0
S0013,S0018,通信,0.528,34,141,0.0
S0294,S0549,资金,0.825,1,258,9828.47
S0184,S0441,通信,0.33,7,50,0.0
S0153,S0537,协作,0.427,4,99,0.0
S0540,S0635,协作,0.48,5,182,0.0
S0274,S0407,资金,0.582,3,192,2568.2
S0416,S0471,通信,0.445,37,125,0.0
S0232,S0308,资金,0.683,3,335,2380.1
S0033,S0096,资金,0.903,13,195,1283.86
S0387,S0566,通信,0.688,31,29,0.0
S0010,S0176,通信,0.655,6,256,0.0
S0340,S0445,协作,0.339,10,49,0.0
S0044,S0541,通信,0.994,15,109,0.0
S0487,S0581,协作,0.539,5,24,0.0
S0077,S0288,资金,0.499,18,289,9893.59
S0034,S0184,资金,0.503,11,9,3163.06
S0213,S0602,通信,0.339,10,365,0.0
S0079,S0408,通信,0.186,20,84,0.0
S0247,S0578,通信,0.202,37,200,0.0
S0340,S0554,通信,0.593,25,72,0.0
S0081,S0513,通信,0.157,48,178,0.0
S0055,S0101,通信,0.298,28,119,0.0
S0078,S0349,资金,0.372,20,315,4277.92
S0407,S0610,资金,0.673,11,16,3728.92
S0280,S0650,协作,0.617,8,252,0.0
S0234,S0365,通信,0.455,36,193,0.0
S0191,S0443,协作,0.408,10,339,0.0
S0088,S0390,通信,0.772,50,317,0.0
S0253,S0303,协作,0.296,2,43,0.0
S0158,S0275,资金,0.434,13,365,1123.97
S0158,S0650,通信,0.86,48,200,0.0
S0325,S0370,通信,0.703,7,47,0.0
S0006,S0316,通信,0.368,29,185,0.0
S0105,S0277,资金,0.408,5,45,7601.0
S0192,S0442,通信,0.288,29,286,0.0
S0525,S0569,资金,0.961,14,53,2943.5
S0027,S0092,通信,0.499,23,284,0.0
S0096,S0612,协作,0.324,10,167,0.0
S0013,S0395,协作,0.405,5,212,0.0
S0087,S0398,协作,0.703,9,125,0.0
S0534,S0586,协作,0.391,3,351,0.0
S0174,S0390,通信,0.444,9,138,0.0
S0275,S0309,通信,0.134,32,75,0.0
S0065,S0172,资金,0.582,14,142,3381.25
S0307,S0432,资金,0.735,16,40,2364.15
S0258,S0370,通信,0.832,16,321,0.0
S0508,S0609,通信,0.486,40,101,0.0
S0110,S0469,资金,0.451,5,156,791.4
S0007,S0406,资金,0.947,11,318,1388.47
S0338,S0390,通信,0.318,29,172,0.0
S0441,S0609,通信,0.959,9,154,0.0
S0329,S0618,协作,0.228,4,246,0.0
S0182,S0322,通信,0.465,26,164,0.0
S0299,S0649,通信,0.666,32,295,0.0
S0249,S0334,资金,0.895,13,144,1027.62
S0374,S0403,资金,0.68,4,289,824.02
S0205,S0607,资金,0.642,18,93,7142.17
S0028,S0564,通信,0.318,47,237,0.0
S0215,S0449,通信,0.932,19,355,0.0
S0071,S0419,通信,0.36,44,256,0.0
S0143,S0649,通信,0.697,20,124,0.0
S0158,S0259,通信,0.959,46,217,0.0
S0076,S0387,协作,0.546,8,307,0.0
S0491,S0597,资金,0.312,13,274,8995.64
S0429,S0519,通信,0.354,35,19,0.0
S0369,S0550,资金,0.479,20,327,1633.28
S0088,S0112,协作,0.279,4,337,0.0
S0171,S0364,资金,0.656,20,23,1308.71
S0410,S0577,资金,0.9,11,221,8854.64
S0011,S0109,通信,0.424,7,133,0.0
S0228,S0523,资金,0.802,17,286,5963.42
S0590,S0595,通信,0.528,15,229,0.0
S0384,S0401,资金,0.782,15,348,2726.66
S0513,S0603,协作,0.798,3,177,0.0
S0026,S0495,通信,0.2,7,152,0.0
S0088,S0426,通信,0.754,8,73,0.0
S0320,S0357,协作,0.332,6,234,0.0
S0212,S0534,通信,0.156,31,179,0.0
S0100,S0488,协作,0.387,8,357,0.0
S0327,S0464,通信,0.552,5,154,0.0
S0046,S0118,协作,0.59,1,176,0.0
S0112,S0169,资金,0.423,8,265,18582.2
S0179,S0566,协作,0.321,3,170,0.0
S0437,S0574,通信,0.168,30,119,0.0
S0415,S0645,通信,0.838,12,96,0.0
S0406,S0443,通信,0.511,2,315,0.0
S0203,S0461,通信,0.147,38,220,0.0
S0005,S0399,通信,0.329,46,110,0.0
S0211,S0286,通信,0.735,49,361,0.0
S0065,S0592,资金,0.387,4,275,3334.46
S0192,S0375,协作,0.582,6,101,0.0
S0117,S0469,资金,0.355,9,344,2098.79
S0502,S0541,协作,0.474,6,306,0.0
S0398,S0626,通信,0.606,26,301,0.0
S0117,S0357,通信,0.649,23,235,0.0
S0177,S0633,资金,0.854,10,315,832.31
S0087,S0605,协作,0.351,3,161,0.0
S0121,S0245,资金,0.936,10,60,2790.41
S0188,S0383,协作,0.234,3,262,0.0
S0398,S0429,协作,0.23,10,71,0.0
S0393,S0589,资金,0.923,14,96,13304.33
S0499,S0551,通信,0.525,45,331,0.0
S0178,S0569,通信,0.957,11,251,0.0
S0144,S0296,协作,0.625,3,162,0.0
S0462,S0635,资金,0.874,2,184,1046.95
S0010,S0497,资金,0.55,5,100,347.47
S0394,S0576,通信,0.167,33,335,0.0
S0419,S0507,通信,0.883,44,252,0.0
S0426,S0455,通信,0.742,32,86,0.0
S0085,S0579,通信,0.333,2,113,0.0
S0034,S0300,通信,0.815,18,116,0.0
S0296,S0551,资金,0.956,6,235,6063.26
S0508,S0580,资金,0.96,18,262,18361.49
S0116,S0587,资金,0.317,4,138,20503.97
S0376,S0557,资金,0.449,18,22,4228.29
S0452,S0560,协作,0.774,4,218,0.0
S0105,S0254,通信,0.894,20,17,0.0
S0270,S0461,通信,0.15,23,45,0.0
S0121,S0450,通信,0.152,50,122,0.0
S0215,S0603,协作,0.235,6,364,0.0
S0625,S0648,通信,0.193,28,85,0.0
S0143,S0631,通信,0.182,14,106,0.0
S0061,S0584,资金,0.393,12,273,4069.2
S0288,S0612,通信,0.906,35,87,0.0
S0300,S0332,通信,0.316,19,294,0.0
S0274,S0527,通信,0.402,44,49,0.0
S0139,S0422,资金,0.858,2,142,4209.93
S0130,S0136,通信,0.735,16,75,0.0
S0254,S0330,通信,0.776,49,347,0.0
S0403,S0502,通信,0.229,10,296,0.0
S0276,S0648,通信,0.264,41,213,0.0
S0385,S0463,资金,0.891,3,325,3733.33
S0096,S0413,资金,0.911,17,143,1887.18
S0378,S0466,通信,0.505,32,168,0.0
S0003,S0596,协作,0.596,2,235,0.0
S0065,S0367,通信,0.218,35,204,0.0
S0224,S0440,通信,0.623,14,254,0.0
S0291,S0346,资金,0.387,18,296,9000.35
S0134,S0580,资金,0.783,16,176,26523.32
S0048,S0050,协作,0.394,2,321,0.0
S0017,S0471,协作,0.296,2,81,0.0
S0452,S0468,通信,0.34,1,220,0.0
S0136,S0208,通信,0.307,42,155,0.0
S0163,S0281,通信,0.84,6,336,0.0
S0257,S0370,通信,0.773,6,191,0.0
S0054,S0170,通信,0.954,26,321,0.0
S0240,S0313,资金,0.305,14,336,3245.82
S0094,S0098,资金,0.666,1,110,14690.46
S0080,S0489,资金,0.85,5,304,2091.94
S0232,S0532,通信,0.107,44,228,0.0
S0009,S0010,通信,0.988,45,176,0.0
S0124,S0433,通信,0.456,45,68,0.0
S0073,S0490,资金,0.87,8,197,8438.06
S0092,S0105,通信,0.379,7,161,0.0
S0307,S0377,协作,0.606,3,196,0.0
S0137,S0147,通信,0.162,5,272,0.0
S0009,S0577,通信,0.298,40,333,0.0
S0169,S0451,通信,0.89,23,110,0.0
S0156,S0644,通信,0.744,27,316,0.0
S0223,S0454,通信,0.784,6,52,0.0
S0127,S0144,资金,0.305,19,197,951.39
S0360,S0440,协作,0.723,6,72,0.0
S0087,S0255,通信,0.5,36,308,0.0
S0615,S0623,通信,0.745,19,354,0.0
S0028,S0309,通信,0.341,14,266,0.0
S0522,S0622,通信,0.182,13,201,0.0
S0056,S0303,资金,0.309,8,254,3068.45
S0116,S0396,资金,0.428,8,256,5688.68
S0073,S0609,协作,0.667,9,7,0.0
S0136,S0397,通信,0.258,37,216,0.0
S0375,S0560,协作,0.467,3,242,0.0
S0018,S0075,通信,0.876,38,35,0.0
S0015,S0269,协作,0.79,4,21,0.0
S0062,S0408,协作,0.711,9,147,0.0
S0514,S0644,通信,0.194,50,213,0.0
S0412,S0434,资金,0.672,3,328,832.98
S0550,S0551,通信,0.457,40,79,0.0
S0086,S0285,通信,0.612,20,41,0.0
S0209,S0524,通信,0.335,10,275,0.0
S0335,S0401,资金,0.806,19,325,3583.63
S0068,S0318,资金,0.611,14,123,828.98
S0060,S0251,通信,0.504,6,223,0.0
S0119,S0465,通信,0.937,40,312,0.0
S0057,S0317,通信,0.687,43,337,0.0
S0123,S0180,通信,0.502,1,363,0.0
S0012,S0141,资金,0.509,6,255,868.03
S0356,S0536,通信,0.659,34,133,0.0
S0171,S0381,通信,0.91,9,138,0.0
S0031,S0121,资金,0.607,11,220,2528.19
S0279,S0537,通信,0.55,5,135,0.0
S0591,S0643,资金,0.486,3,255,1616.38
S0467,S0524,协作,0.251,6,29,0.0
S0512,S0581,协作,0.5,3,189,0.0
S0162,S0262,通信,0.339,50,53,0.0
S0119,S0588,通信,0.999,15,261,0.0
S0003,S0046,通信,0.193,1,126,0.0
S0048,S0484,资金,0.642,12,197,6351.96
S0154,S0184,资金,0.767,2,284,4523.19
S0230,S0430,通信,0.216,21,128,0.0
S0328,S0427,资金,0.75,9,40,2353.29
S0382,S0586,通信,0.659,8,258,0.0
S0054,S0184,通信,0.5,15,265,0.0
S0048,S0411,协作,0.28,2,239,0.0
S0290,S0319,通信,0.839,21,45,0.0
S0468,S0567,协作,0.472,1,189,0.0
S0206,S0299,资金,0.701,19,156,2348.96
S0249,S0638,通信,0.81,30,189,0.0
S0506,S0606,资金,0.758,7,280,861.74
S0155,S0252,协作,0.245,1,210,0.0
S0025,S0239,通信,0.467,35,178,0.0
S0010,S0344,通信,0.119,1,337,0.0
S0315,S0386,通信,0.713,7,106,0.0
S0244,S0543,协作,0.509,7,252,0.0
S0062,S0146,资金,0.479,9,48,6371.54
S0045,S0238,资金,0.449,17,212,6688.27
S0382,S0470,通信,0.158,48,44,0.0
S0098,S0595,资金,0.878,17,69,2655.28
S0077,S0404,资金,0.963,19,291,9317.16
S0064,S0446,通信,0.458,43,67,0.0
S0243,S0299,协作,0.403,5,162,0.0
S0335,S0403,协作,0.789,6,232,0.0
S0240,S0279,资金,0.872,3,104,6876.2
S0140,S0599,通信,0.151,7,80,0.0
S0109,S0169,通信,0.7,29,239,0.0
S0322,S0417,通信,0.111,8,275,0.0
S0213,S0367,通信,0.744,29,158,0.0
S0272,S0475,协作,0.79,2,47,0.0
S0162,S0312,通信,0.882,46,357,0.0
S0042,S0618,资金,0.651,7,168,8478.69
S0094,S0152,资金,0.396,8,183,2489.59
S0406,S0526,通信,0.704,4,347,0.0
S0267,S0307,通信,0.329,12,16,0.0
S0415,S0464,资金,0.317,18,282,5076.67
S0097,S0256,资金,0.66,15,53,15136.12
S0125,S0144,资金,0.708,1,32,10970.3
S0134,S0228,资金,0.827,7,206,5658.45
S0382,S0646,通信,0.461,42,44,0.0
S0597,S0601,协作,0.438,5,39,0.0
S0023,S0067,通信,0.573,13,331,0.0
S0132,S0455,通信,0.283,6,170,0.0
S0044,S0126,协作,0.525,8,26,0.0
S0173,S0588,通信,0.995,28,203,0.0
S0031,S0509,协作,0.464,7,350,0.0
S0177,S0437,通信,0.855,23,110,0.0
S0192,S0282,资金,0.781,9,229,4422.22
S0036,S0153,协作,0.614,10,318,0.0
S0252,S0632,通信,0.724,42,152,0.0
S0422,S0511,通信,0.783,36,246,0.0
S0063,S0090,资金,0.354,9,197,349.31
S0141,S0430,通信,0.642,13,330,0.0
S0256,S0539,通信,0.799,41,279,0.0
S0020,S0392,通信,0.694,46,184,0.0
S0492,S0558,协作,0.604,8,177,0.0
S0515,S0580,通信,0.955,21,199,0.0
S0185,S0277,通信,0.117,2,164,0.0
S0225,S0612,通信,0.13,2,144,0.0
S0060,S0484,协作,0.326,9,184,0.0
S0239,S0599,资金,0.842,6,52,3553.26
S0247,S0254,通信,0.659,18,274,0.0
S0058,S0225,通信,0.535,37,199,0.0
S0178,S0364,通信,0.929,12,122,0.0
S0326,S0607,协作,0.333,6,303,0.0
S0029,S0361,通信,0.778,37,289,0.0
S0146,S0577,通信,0.906,13,253,0.0
S0317,S0556,资金,0.546,6,252,2906.52
S0039,S0093,协作,0.757,1,120,0.0
S0225,S0617,通信,0.102,2,270,0.0
S0001,S0490,协作,0.744,6,315,0.0
S0134,S0207,通信,0.85,22,91,0.0
S0061,S0332,通信,0.333,2,76,0.0
S0146,S0601,协作,0.318,2,270,0.0
S0075,S0374,协作,0.323,6,361,0.0
S0406,S0601,资金,0.456,4,173,10678.39
S0310,S0331,资金,0.779,5,81,3271.07
S0448,S0499,通信,0.164,42,163,0.0
S0179,S0576,协作,0.401,10,183,0.0
S0229,S0604,资金,0.66,6,194,751.85
S0302,S0315,资金,0.375,5,91,747.33
S0002,S0587,资金,0.888,13,291,322.97
S0034,S0187,资金,0.361,20,163,1588.8
S0227,S0627,通信,0.429,41,290,0.0
S0107,S0509,通信,0.296,10,170,0.0
S0080,S0244,通信,0.116,23,164,0.0
S0091,S0172,通信,0.255,46,344,0.0
S0344,S0458,通信,0.559,1,136,0.0
S0215,S0256,通信,0.482,45,35,0.0
S0263,S0359,通信,0.265,7,1,0.0
S0050,S0396,通信,0.52,29,215,0.0
S0171,S0424,资金,0.458,16,194,1818.55
S0360,S0560,通信,0.898,25,52,0.0
S0491,S0592,通信,0.301,42,352,0.0
S0167,S0231,协作,0.69,8,38,0.0
S0035,S0302,通信,0.54,2,164,0.0
S0108,S0268,通信,0.17,5,176,0.0
S0175,S0385,资金,0.369,6,39,5934.92
S0096,S0561,协作,0.344,6,305,0.0
S0495,S0629,资金,0.632,1,221,2753.71
S0169,S0622,协作,0.363,7,81,0.0
S0055,S0104,通信,0.246,22,106,0.0
S0195,S0420,通信,0.384,45,284,0.0
S0272,S0554,资金,0.776,10,153,2018.85
S0099,S0244,通信,0.908,4,202,0.0
S0563,S0586,协作,0.788,8,79,0.0
S0056,S0370,协作,0.304,1,219,0.0
S0090,S0302,通信,0.622,43,321,0.0
S0492,S0615,协作,0.306,4,50,0.0
S0027,S0212,通信,0.825,11,327,0.0
S0084,S0299,通信,0.472,31,60,0.0
S0316,S0408,资金,0.466,16,251,469.36
S0094,S0272,通信,0.793,42,279,0.0
S0190,S0397,资金,0.992,12,196,1795.17
S0192,S0379,资金,0.665,15,23,2489.47
S0270,S0451,通信,0.804,30,135,0.0
S0232,S0276,通信,0.335,37,32,0.0
S0100,S0155,通信,0.459,6,343,0.0
S0353,S0555,通信,0.563,27,302,0.0
S0233,S0567,资金,0.934,2,199,10537.99
S0429,S0536,资金,0.471,18,352,7163.75
S0487,S0587,通信,0.535,16,244,0.0
S0081,S0307,通信,0.65,26,18,0.0
S0515,S0585,协作,0.416,9,293,0.0
S0151,S0636,资金,0.65,4,230,3732.33
S0172,S0178,通信,0.131,14,99,0.0
S0044,S0130,资金,0.901,14,41,1077.79
S0207,S0446,通信,0.451,41,76,0.0
S0265,S0610,协作,0.688,6,35,0.0
S0090,S0398,资金,0.474,18,204,2204.81
S0334,S0566,资金,0.494,9,267,3232.92
S0013,S0470,通信,0.411,45,320,0.0
S0536,S0602,通信,0.66,27,58,0.0
S0154,S0425,协作,0.775,3,291,0.0
S0597,S0603,通信,0.746,49,52,0.0
S0109,S0577,资金,0.54,4,147,3477.02
S0353,S0549,通信,0.573,27,136,0.0
S0393,S0498,通信,0.775,37,312,0.0
S0039,S0485,资金,0.402,6,142,5009.22
S0148,S0413,协作,0.362,10,312,0.0
S0040,S0412,协作,0.43,7,170,0.0
S0051,S0244,通信,0.417,48,244,0.0
S0276,S0382,通信,0.162,2,173,0.0
S0311,S0319,资金,0.718,9,252,1551.08
S0101,S0234,资金,0.339,5,154,3166.11
S0329,S0454,协作,0.621,5,214,0.0
S0092,S0620,资金,0.609,7,227,2000.35
S0217,S0417,协作,0.743,8,265,0.0
S0058,S0383,通信,0.635,33,82,0.0
S0068,S0319,资金,0.733,17,207,1473.01
S0139,S0537,通信,0.296,37,15,0.0
S0178,S0198,通信,0.849,13,30,0.0
S0034,S0256,通信,0.538,30,26,0.0
S0204,S0370,协作,0.582,5,189,0.0
S0476,S0518,协作,0.474,7,326,0.0
S0032,S0127,通信,0.937,16,191,0.0
S0501,S0609,通信,0.263,29,91,0.0
S0486,S0601,通信,0.146,36,180,0.0
S0168,S0353,通信,0.868,17,353,0.0
S0093,S0292,协作,0.76,1,198,0.0
S0051,S0167,通信,0.444,37,110,0.0
S0227,S0231,通信,0.87,44,106,0.0
S0276,S0420,通信,0.668,33,11,0.0
S0010,S0486,资金,0.601,5,332,4761.14
S0178,S0616,通信,0.471,1,115,0.0
S0259,S0623,通信,0.558,20,365,0.0
S0282,S0434,通信,0.466,25,179,0.0
S0259,S0471,通信,0.58,14,239,0.0
S0310,S0534,协作,0.68,10,204,0.0
S0105,S0599,协作,0.581,1,262,0.0
S0384,S0575,通信,0.286,42,305,0.0
S0290,S0624,协作,0.42,5,351,0.0
S0111,S0494,通信,0.732,5,173,0.0
S0284,S0333,通信,0.342,18,134,0.0
S0193,S0306,协作,0.715,3,265,0.0
S0059,S0247,通信,0.982,39,207,0.0
S0144,S0328,资金,0.819,1,336,2921.41
S0303,S0510,通信,0.209,17,215,0.0
S0398,S0415,资金,0.929,2,299,1138.88
S0195,S0586,通信,0.86,22,114,0.0
S0488,S0548,通信,0.568,43,184,0.0
S0308,S0520,通信,0.173,11,337,0.0
S0186,S0572,资金,0.782,10,50,4127.14
S0132,S0483,通信,0.294,48,133,0.0
S0188,S0573,协作,0.33,6,336,0.0
S0092,S0228,资金,0.978,12,115,3920.04
S0315,S0431,通信,0.968,22,191,0.0
S0267,S0600,通信,0.46,19,238,0.0
S0121,S0482,协作,0.522,1,325,0.0
S0595,S0598,资金,0.48,20,37,822.52
S0200,S0484,资金,0.31,17,62,3368.56
S0391,S0543,通信,0.958,20,212,0.0
S0056,S0155,协作,0.628,3,103,0.0
S0351,S0420,协作,0.6,10,235,0.0
S0147,S0324,通信,0.789,46,93,0.0
S0083,S0500,通信,0.391,22,324,0.0
S0182,S0321,协作,0.522,1,3,0.0
S0281,S0463,协作,0.328,4,87,0.0
S0163,S0591,资金,0.359,16,46,1712.6
S0133,S0630,资金,0.834,14,325,619.67
S0414,S0440,通信,0.208,28,245,0.0
S0005,S0393,资金,0.954,2,274,5274.79
S0205,S0383,通信,0.762,1,165,0.0
S0196,S0544,协作,0.513,1,347,0.0
S0005,S0642,资金,0.871,8,116,1232.75
S0320,S0353,通信,0.967,9,53,0.0
S0393,S0516,协作,0.659,10,157,0.0
S0067,S0172,通信,0.503,3,153,0.0
S0298,S0467,通信,0.114,47,267,0.0
S0537,S0611,资金,0.973,11,223,1053.15
S0138,S0351,协作,0.618,8,184,0.0
S0169,S0193,通信,0.347,26,10,0.0
S0230,S0234,通信,0.787,47,68,0.0
S0023,S0217,协作,0.431,10,259,0.0
S0127,S0174,通信,0.14,24,365,0.0
S0039,S0385,通信,0.506,41,131,0.0
S0548,S0639,通信,0.508,4,305,0.0
S0050,S0111,协作,0.549,1,25,0.0
S0119,S0427,通信,0.273,29,195,0.0
S0127,S0561,通信,0.425,17,243,0.0
S0157,S0211,通信,0.576,45,352,0.0
S0010,S0646,资金,0.858,10,216,8806.21
S0104,S0533,通信,0.15,18,319,0.0
S0141,S0621,资金,0.712,14,54,1696.04
S0524,S0633,协作,0.636,2,145,0.0
S0109,S0117,协作,0.745,8,102,0.0
S0205,S0624,资金,0.669,9,268,4370.88
S0207,S0367,资金,0.374,14,152,3121.16
S0041,S0165,资金,0.419,18,255,711.52
S0213,S0493,资金,0.914,11,121,2297.32
S0003,S0014,通信,0.174,43,46,0.0
S0114,S0588,通信,0.705,43,253,0.0
S0093,S0153,通信,0.35,50,262,0.0
S0077,S0104,通信,0.548,17,330,0.0
S0237,S0468,通信,0.758,19,136,0.0
S0052,S0476,通信,0.698,7,90,0.0
S0041,S0298,通信,0.54,24,347,0.0
S0321,S0437,通信,0.75,48,60,0.0
S0047,S0098,协作,0.75,1,71,0.0
S0175,S0337,资金,0.624,12,225,5189.06
S0275,S0637,通信,0.839,47,48,0.0
S0351,S0382,通信,0.27,12,59,0.0
S0410,S0411,通信,0.341,30,140,0.0
S0395,S0490,资金,0.464,14,333,7804.19
S0116,S0171,通信,0.211,9,357,0.0
S0061,S0164,资金,0.814,4,214,2681.71
S0495,S0605,通信,0.923,37,348,0.0
S0186,S0449,通信,0.508,40,195,0.0
S0368,S0627,通信,0.756,2,351,0.0
S0134,S0495,资金,0.441,16,58,2862.44
S0422,S0452,通信,0.445,3,33,0.0
S0268,S0322,协作,0.719,1,361,0.0
S0538,S0591,资金,0.809,19,115,3703.27
S0347,S0532,资金,0.44,17,353,1155.73
S0098,S0634,协作,0.317,7,339,0.0
S0255,S0494,通信,0.659,23,340,0.0
S0153,S0395,资金,0.79,18,314,382.05
S0012,S0056,协作,0.644,3,259,0.0
S0481,S0508,通信,0.781,11,39,0.0
S0329,S0504,通信,0.125,16,170,0.0
S0052,S0285,通信,0.994,33,115,0.0
S0388,S0564,通信,0.705,26,121,0.0
S0081,S0471,通信,0.752,29,294,0.0
S0091,S0459,资金,0.776,16,229,31353.85
S0122,S0324,通信,0.771,32,335,0.0
S0019,S0106,协作,0.599,7,212,0.0
S0037,S0571,通信,0.931,36,1,0.0
S0094,S0619,通信,0.757,40,327,0.0
S0312,S0521,协作,0.237,9,106,0.0
S0350,S0468,通信,0.284,24,28,0.0
S0229,S0466,资金,0.755,11,287,2040.65
S0615,S0635,通信,0.432,31,337,0.0
S0373,S0464,通信,0.897,8,50,0.0
S0003,S0228,通信,0.894,22,182,0.0
S0535,S0561,资金,0.532,12,360,459.82
S0047,S0109,资金,0.655,6,253,1099.22
S0144,S0420,通信,0.317,7,131,0.0
S0201,S0626,通信,0.424,13,62,0.0
S0221,S0403,通信,0.331,30,98,0.0
S0111,S0347,通信,0.191,49,213,0.0
S0048,S0649,通信,1.0,44,302,0.0
S0127,S0462,通信,0.675,30,338,0.0
S0517,S0604,通信,0.929,9,256,0.0
S0005,S0544,通信,0.96,48,25,0.0
S0444,S0567,资金,0.301,19,248,2974.17
S0182,S0521,协作,0.513,10,89,0.0
S0107,S0132,通信,0.791,25,337,0.0
S0615,S0621,协作,0.49,6,259,0.0
S0394,S0429,通信,0.81,39,355,0.0
S0255,S0281,资金,0.922,13,176,1026.6
S0302,S0464,协作,0.263,3,71,0.0
S0423,S0617,通信,0.568,45,263,0.0
S0307,S0561,资金,0.311,11,365,6635.29
S0567,S0648,资金,0.553,7,103,10556.2
S0215,S0640,通信,0.143,46,149,0.0
S0136,S0354,通信,0.96,46,333,0.0
S0183,S0516,通信,0.419,35,356,0.0
S0119,S0331,资金,0.645,12,288,2033.49
S0492,S0597,通信,0.551,37,342,0.0
S0428,S0547,通信,0.975,19,217,0.0
S0014,S0536,通信,0.419,7,13,0.0
S0149,S0391,通信,0.452,4,344,0.0
S0058,S0205,资金,0.451,9,83,6152.56
S0257,S0294,资金,0.591,5,32,1234.23
S0209,S0303,通信,0.269,49,278,0.0
S0034,S0368,通信,0.182,29,53,0.0
S0576,S0631,资金,0.924,8,332,1122.84
S0399,S0575,通信,0.45,16,262,0.0
S0049,S0295,通信,0.926,25,199,0.0
S0321,S0427,资金,0.994,18,28,892.11
S0014,S0258,协作,0.484,4,318,0.0
S0231,S0454,资金,0.433,12,302,7443.15
S0560,S0618,通信,0.877,13,100,0.0
S0302,S0460,通信,0.91,12,350,0.0
S0077,S0192,协作,0.603,3,264,0.0
S0123,S0387,资金,0.617,2,220,2734.8
S0286,S0570,协作,0.777,5,67,0.0
S0165,S0599,资金,0.735,9,3,8699.53
S0339,S0478,资金,0.863,5,21,4135.19
S0158,S0331,资金,0.344,20,27,1089.89
S0631,S0641,通信,0.192,43,155,0.0
S0503,S0587,资金,0.36,18,184,364.42
S0075,S0326,通信,0.77,34,113,0.0
S0189,S0534,协作,0.631,2,259,0.0
S0164,S0426,协作,0.619,9,275,0.0
S0095,S0414,通信,0.705,23,114,0.0
S0219,S0340,资金,0.56,11,185,3126.35
S0224,S0301,通信,0.609,49,317,0.0
S0487,S0544,资金,0.309,18,333,2505.84
S0010,S0118,通信,0.641,43,178,0.0
S0247,S0457,协作,0.733,10,319,0.0
S0041,S0250,通信,0.756,44,165,0.0
S0117,S0391,通信,0.408,25,132,0.0
S0290,S0554,通信,0.606,2,265,0.0
S0384,S0527,通信,0.176,33,229,0.0
S0045,S0499,资金,0.795,10,334,1567.14
S0198,S0329,通信,0.498,33,43,0.0
S0099,S0172,资金,0.521,18,274,2409.84
S0008,S0642,资金,0.91,3,108,693.93
S0219,S0645,通信,0.185,44,218,0.0
S0107,S0211,通信,0.473,35,360,0.0
S0074,S0446,资金,0.93,5,13,1463.14
S0340,S0471,资金,0.374,2,45,9175.44
S0056,S0076,协作,0.695,3,129,0.0
S0073,S0572,协作,0.448,10,117,0.0
S0265,S0418,资金,0.488,13,231,12432.39
S0415,S0646,协作,0.305,7,162,0.0
S0018,S0399,通信,0.234,44,61,0.0
S0007,S0548,资金,0.613,20,33,5367.98
S0047,S0600,协作,0.387,2,184,0.0
S0109,S0515,通信,0.864,19,352,0.0
S0309,S0622,协作,0.525,2,145,0.0
S0391,S0449,资金,0.48,13,339,2785.36
S0032,S0486,协作,0.579,3,274,0.0
S0140,S0226,资金,0.342,13,280,3659.45
S0303,S0650,通信,0.646,10,153,0.0
S0012,S0383,资金,0.668,18,285,6240.38
S0127,S0145,资金,0.707,2,3,8459.64
S0587,S0611,协作,0.64,7,276,0.0
S0088,S0561,资金,0.994,10,108,11642.32
S0217,S0353,通信,0.85,27,331,0.0
S0146,S0525,通信,0.684,11,95,0.0
S0227,S0632,资金,0.744,9,100,2498.33
S0118,S0186,资金,0.894,19,28,979.48
S0473,S0563,通信,0.927,42,282,0.0
S0075,S0298,通信,0.594,43,35,0.0
S0101,S0257,资金,0.708,7,298,3312.1
S0339,S0499,资金,0.317,12,66,4033.37
S0103,S0241,通信,0.369,19,318,0.0
S0072,S0199,资金,0.446,11,249,1683.5
S0337,S0462,通信,0.38,40,338,0.0
S0314,S0599,协作,0.665,3,290,0.0
S0374,S0581,资金,0.858,11,220,1732.85
S0005,S0173,通信,0.899,21,127,0.0
S0227,S0447,通信,0.403,18,185,0.0
S0138,S0340,资金,0.372,16,237,1451.84
S0368,S0457,资金,0.645,10,250,12943.18
S0112,S0565,通信,0.761,12,331,0.0
S0084,S0622,通信,0.542,18,72,0.0
S0270,S0642,通信,0.656,5,39,0.0
S0020,S0520,资金,0.565,1,298,8354.77
S0415,S0593,通信,0.691,50,303,0.0
S0038,S0218,通信,0.23,36,134,0.0
S0553,S0557,协作,0.573,8,335,0.0
S0153,S0375,通信,0.359,26,115,0.0
S0298,S0604,资金,0.335,5,238,8127.75
S0514,S0523,通信,0.13,6,204,0.0
S0373,S0515,通信,0.641,1,340,0.0
S0245,S0629,通信,0.749,44,85,0.0
S0144,S0527,通信,0.717,29,82,0.0
S0184,S0580,协作,0.615,10,338,0.0
S0150,S0496,协作,0.769,6,21,0.0
S0225,S0500,通信,0.732,15,33,0.0
S0271,S0379,协作,0.414,4,22,0.0
S0212,S0531,通信,0.952,24,199,0.0
S0466,S0481,资金,0.454,2,21,12151.04
S0106,S0332,资金,0.755,17,325,2341.76
S0270,S0281,资金,0.735,19,279,15225.62
S0179,S0584,资金,0.741,13,335,3873.21
S0375,S0388,通信,0.465,38,335,0.0
S0080,S0530,协作,0.267,5,193,0.0
S0229,S0529,通信,0.543,26,181,0.0
S0354,S0499,协作,0.298,8,310,0.0
S0007,S0514,通信,0.159,9,226,0.0
S0170,S0236,资金,0.467,3,264,1029.2
S0217,S0288,协作,0.447,3,96,0.0
S0162,S0371,通信,0.572,39,61,0.0
S0236,S0425,协作,0.565,6,59,0.0
S0491,S0494,协作,0.705,8,108,0.0
S0166,S0605,通信,0.693,42,211,0.0
S0023,S0250,通信,0.604,3,66,0.0
S0588,S0607,通信,0.414,11,69,0.0
S0525,S0645,协作,0.324,1,294,0.0
S0058,S0151,协作,0.218,3,133,0.0
S0185,S0530,通信,0.869,26,307,0.0
S0020,S0578,资金,0.823,10,44,363.98
S0222,S0460,通信,0.583,39,242,0.0
S0175,S0494,资金,0.739,8,211,5279.01
S0147,S0616,资金,0.935,19,94,2877.92
S0524,S0639,资金,0.815,9,86,2389.73
S0351,S0465,协作,0.34,10,303,0.0
S0071,S0236,通信,0.393,25,198,0.0
S0112,S0136,通信,0.933,2,104,0.0
S0517,S0536,协作,0.5,7,77,0.0
S0099,S0621,通信,0.743,12,244,0.0
S0615,S0630,资金,0.979,2,273,1539.72
S0121,S0516,资金,0.535,3,247,4480.36
S0134,S0618,资金,0.77,18,1,3029.56
S0442,S0535,通信,0.769,27,190,0.0
S0045,S0543,资金,0.522,14,118,456.13
S0391,S0494,通信,0.123,23,302,0.0
S0101,S0590,通信,0.599,28,69,0.0
S0261,S0489,通信,0.355,50,120,0.0
S0086,S0291,协作,0.556,10,279,0.0
S0264,S0419,资金,0.582,7,3,2568.69
S0008,S0592,资金,0.433,17,61,2741.89
S0008,S0533,资金,0.539,13,336,3195.55
S0211,S0324,资金,0.685,14,186,847.75
S0110,S0159,资金,0.982,14,334,2486.83
S0260,S0600,协作,0.236,5,275,0.0
S0434,S0579,通信,0.933,24,314,0.0
S0283,S0407,资金,0.763,7,212,166.64
S0566,S0571,通信,0.747,31,92,0.0
S0380,S0573,通信,0.325,36,248,0.0
S0260,S0315,通信,0.259,37,177,0.0
S0142,S0408,资金,0.731,4,118,3242.83
S0166,S0458,通信,0.451,7,110,0.0
S0411,S0521,协作,0.217,6,282,0.0
S0054,S0629,资金,0.931,6,200,19929.17
S0006,S0094,协作,0.327,3,242,0.0
S0446,S0615,资金,0.632,3,33,399.14
S0228,S0270,通信,0.837,24,41,0.0
S0039,S0624,协作,0.669,7,206,0.0
S0534,S0629,通信,0.178,19,365,0.0
S0059,S0612,资金,0.34,6,328,4250.59
S0450,S0507,资金,0.713,1,104,22371.21
S0293,S0531,通信,0.281,13,18,0.0
S0523,S0614,通信,0.572,34,358,0.0
S0238,S0630,资金,0.846,6,346,2064.91
S0037,S0369,通信,0.769,16,336,0.0
S0001,S0162,通信,0.836,6,142,0.0
S0362,S0410,资金,0.951,13,208,2481.62
S0206,S0601,协作,0.242,9,8,0.0
S0071,S0093,通信,0.649,36,146,0.0
S0573,S0597,通信,0.466,23,178,0.0
S0232,S0284,资金,0.459,20,100,14767.2
S0414,S0466,通信,0.548,37,3,0.0
S0180,S0268,通信,0.752,27,260,0.0
S0110,S0573,通信,0.903,5,258,0.0
S0302,S0349,通信,0.278,8,263,0.0
S0264,S0551,通信,0.468,37,129,0.0
S0387,S0454,通信,0.627,37,248,0.0
S0250,S0348,资金,0.405,15,349,6812.27
S0472,S0601,通信,0.756,2,247,0.0
S0120,S0265,资金,0.551,3,196,1913.99
S0226,S0649,资金,0.514,8,162,10101.6
S0362,S0423,通信,0.939,34,275,0.0
S0010,S0270,通信,0.813,16,148,0.0
S0096,S0409,通信,0.682,44,176,0.0
S0078,S0568,协作,0.225,3,244,0.0
S0322,S0363,协作,0.543,4,294,0.0
S0188,S0276,资金,0.666,7,256,5294.15
S0205,S0241,资金,0.312,8,136,2068.81
S0212,S0235,资金,0.671,7,128,600.1
S0365,S0634,资金,0.445,5,55,1360.81
S0081,S0123,资金,0.862,16,315,584.11
S0007,S0555,通信,0.534,3,247,0.0
S0381,S0636,资金,0.551,11,253,1574.84
S0282,S0589,资金,0.568,16,94,8876.38
S0287,S0524,资金,0.487,13,114,2228.9
S0132,S0591,通信,0.305,4,270,0.0
S0434,S0490,通信,0.548,35,17,0.0
S0356,S0515,通信,0.296,26,352,0.0
S0179,S0469,通信,0.111,8,358,0.0
S0472,S0531,通信,0.735,21,353,0.0
S0009,S0013,通信,0.522,44,108,0.0
S0389,S0595,资金,0.921,4,167,4058.41
S0371,S0628,通信,0.618,17,96,0.0
S0270,S0562,资金,0.312,8,138,4857.36
S0483,S0628,资金,0.9,11,188,2525.72
S0189,S0511,通信,0.475,28,108,0.0
S0382,S0430,通信,0.698,24,206,0.0
S0287,S0462,资金,0.425,6,293,2955.27
S0135,S0590,协作,0.465,4,52,0.0
S0242,S0277,通信,0.788,36,222,0.0
S0201,S0391,资金,0.748,5,77,4660.97
S0010,S0485,协作,0.46,3,216,0.0
S0138,S0512,资金,1.0,17,274,5799.84
S0324,S0499,资金,0.38,10,129,38929.44
S0576,S0582,通信,0.967,4,204,0.0
S0102,S0168,通信,0.26,4,111,0.0
S0261,S0488,协作,0.479,2,231,0.0
S0267,S0343,通信,0.638,24,185,0.0
S0571,S0574,资金,0.345,9,177,5109.62
S0021,S0422,协作,0.526,2,180,0.0
S0204,S0621,资金,0.664,19,295,690.88
S0179,S0552,通信,0.56,50,146,0.0
S0333,S0364,协作,0.23,9,250,0.0
S0081,S0458,资金,0.865,13,315,5924.56
S0294,S0475,通信,0.114,41,75,0.0
S0172,S0346,通信,0.629,27,324,0.0
S0586,S0628,通信,0.484,26,37,0.0
S0082,S0166,资金,0.719,11,117,1508.74
S0322,S0325,资金,0.959,10,364,641.21
S0274,S0620,协作,0.539,7,139,0.0
S0372,S0456,通信,0.4,48,301,0.0
S0462,S0534,通信,0.196,27,86,0.0
S0024,S0189,资金,0.482,5,121,2059.4
S0082,S0258,通信,0.622,14,86,0.0
S0106,S0407,资金,0.556,4,33,2147.51
S0485,S0562,资金,0.852,2,14,3835.89
S0407,S0537,通信,0.19,49,43,0.0
S0107,S0269,通信,0.7,40,80,0.0
S0087,S0400,协作,0.505,5,118,0.0
S0254,S0291,通信,0.582,29,321,0.0
S0130,S0135,协作,0.559,9,88,0.0
S0030,S0036,协作,0.68,6,167,0.0
S0479,S0488,协作,0.662,9,140,0.0
S0456,S0562,资金,0.464,5,358,10519.79
S0182,S0553,通信,0.566,38,306,0.0
S0468,S0647,通信,0.966,48,326,0.0
S0446,S0578,通信,0.868,34,328,0.0
S0318,S0547,通信,0.391,23,247,0.0
S0233,S0553,协作,0.418,2,227,0.0
S0316,S0375,通信,0.195,27,134,0.0
S0160,S0311,资金,0.502,1,1,16602.87
S0140,S0536,资金,0.822,12,147,14902.47
S0481,S0548,资金,0.532,1,353,1815.12
S0489,S0504,资金,0.581,10,5,7190.14
S0300,S0441,协作,0.459,10,119,0.0
S0008,S0562,通信,0.721,24,97,0.0
S0422,S0575,资金,0.375,14,203,16877.94
S0168,S0256,协作,0.577,7,194,0.0
S0226,S0270,通信,0.304,6,217,0.0
S0246,S0641,协作,0.689,9,314,0.0
S0279,S0292,通信,0.281,42,273,0.0
S0276,S0423,资金,0.52,7,36,3165.75
S0140,S0187,通信,0.237,19,57,0.0
S0467,S0633,通信,0.485,29,140,0.0
S0504,S0638,资金,0.535,7,165,889.55
S0020,S0156,通信,0.263,4,274,0.0
S0023,S0191,通信,0.734,7,145,0.0
S0129,S0276,通信,0.109,46,225,0.0
S0009,S0239,通信,0.582,6,78,0.0
S0016,S0506,协作,0.203,4,176,0.0
S0320,S0431,协作,0.264,8,191,0.0
S0033,S0475,协作,0.49,6,42,0.0
S0058,S0150,资金,0.657,9,201,1137.24
S0074,S0557,通信,0.851,31,93,0.0
S0197,S0257,资金,0.638,13,7,3419.76
S0125,S0255,通信,0.713,25,227,0.0
S0035,S0254,协作,0.577,4,236,0.0
S0097,S0534,资金,0.836,7,243,12196.71
S0320,S0399,通信,0.347,21,82,0.0
S0044,S0645,协作,0.426,9,267,0.0
S0126,S0260,协作,0.242,8,327,0.0
S0204,S0306,通信,0.934,24,27,0.0
S0116,S0224,资金,0.566,8,325,6501.8
S0333,S0445,资金,0.369,1,86,9454.35
S0283,S0599,协作,0.72,2,203,0.0
S0010,S0249,通信,0.865,3,298,0.0
S0487,S0611,协作,0.53,3,191,0.0
S0092,S0255,资金,0.568,6,256,7957.73
S0094,S0634,协作,0.592,6,321,0.0
S0158,S0365,资金,0.411,18,55,1135.47
S0129,S0500,通信,0.501,15,163,0.0
S0356,S0572,通信,0.612,29,99,0.0
S0022,S0387,通信,0.781,23,69,0.0
S0041,S0257,通信,0.634,32,362,0.0
S0449,S0573,资金,0.303,10,278,2454.58
S0195,S0502,协作,0.288,10,96,0.0
S0357,S0557,资金,0.981,11,240,2005.57
S0282,S0614,资金,0.47,18,83,8098.69
S0071,S0544,资金,0.59,5,231,2745.83
S0270,S0303,通信,0.438,35,188,0.0
S0001,S0465,资金,0.523,17,195,2398.46
