node_id,risk_level,fraud_amount,fraud_type,location,age_group,education_level,degree_centrality,betweenness_centrality,closeness_centrality,eigenvector_centrality,pagerank
S0001,中,10868076.29,短信诈骗,苏州,36-45,大专,0.007704160246533128,0.0035297573408916783,0.2394563516297306,0.059162018607331036,0.001578924210480086
S0002,低,15149987.78,投资理财诈骗,武汉,36-45,研究生及以上,0.0015408320493066256,0.0,0.1975422660440027,0.009511898870561203,0.0007233596790593672
S0003,低,6886914.45,投资理财诈骗,杭州,18-25,本科,0.009244992295839754,0.008031677634226379,0.23541118373587547,0.03881518520924966,0.0017468566639103741
S0004,中,56841680.75,兼职诈骗,成都,18-25,大专,0.0030816640986132513,0.00048413619147125674,0.19907597928968598,0.008241634501838775,0.0008328950499749613
S0005,中,21534660.75,色情诈骗,广州,46-55,本科,0.007704160246533128,0.004317637784147915,0.22739434314040044,0.03866332040127932,0.0021093305179231726
S0006,中,15725804.97,短信诈骗,杭州,36-45,研究生及以上,0.004622496147919877,0.0018508018988780332,0.22611098882285321,0.03187837679319893,0.0007949252759122946
S0007,中,4353543.94,电话诈骗,杭州,26-35,本科,0.01078582434514638,0.009975953679378221,0.24162256061545,0.043498143116356316,0.002374058338504346
S0008,高,202407020.13,投资理财诈骗,苏州,46-55,研究生及以上,0.007704160246533128,0.0035807908851770496,0.22134829188977517,0.03209154508877742,0.0017349921390504431
S0009,低,7482931.22,电话诈骗,武汉,46-55,高中,0.007704160246533128,0.006980883598098624,0.24144054738711446,0.05911156164992047,0.0017482399943247523
S0010,中,10370234.0,色情诈骗,重庆,46-55,研究生及以上,0.02157164869029276,0.031373032029553154,0.2703604611188481,0.1355949373469679,0.00488419682847843
S0011,低,13704659.12,色情诈骗,苏州,46-55,初中及以下,0.0015408320493066256,0.0,0.20401803097160692,0.015481542231098424,0.0004332516196444528
S0012,低,26598599.91,兼职诈骗,上海,56+,高中,0.007704160246533128,0.0059670401613218195,0.2497174340914643,0.06181268393132876,0.0017089282779804795
S0013,低,2433036.97,兼职诈骗,北京,18-25,初中及以下,0.007704160246533128,0.003520842559512477,0.21960419777759127,0.026524863916254582,0.00157189368430379
S0014,中,67979914.84,投资理财诈骗,武汉,36-45,大专,0.004622496147919877,0.0014972539608721326,0.21303577710627747,0.017068530838295286,0.0007790207745667405
S0015,中,80805267.82,兼职诈骗,重庆,26-35,初中及以下,0.0030816640986132513,0.0007987722801194837,0.21017201747960293,0.013112136696026878,0.0009899701221323318
S0016,低,23431829.61,网络诈骗,武汉,46-55,高中,0.004622496147919877,0.0013507495847225725,0.21438951615812338,0.021150776458326116,0.0008391928328962177
S0017,高,287090729.11,兼职诈骗,广州,46-55,大专,0.0030816640986132513,0.00045357901684257547,0.2102409489382712,0.015589899393499715,0.0006208397890606907
S0018,中,10738243.14,短信诈骗,杭州,36-45,初中及以下,0.004622496147919877,0.0011051634908787094,0.2116990268536291,0.018222785500338755,0.001119005742277871
S0019,中,15150112.36,短信诈骗,成都,26-35,高中,0.0015408320493066256,0.0,0.1701233156350289,0.002109060441875068,0.0006345714880087751
S0020,中,14208117.68,短信诈骗,苏州,18-25,本科,0.01078582434514638,0.00897377311149912,0.24345790099232392,0.04992639078666075,0.002254291993466102
S0021,中,15114612.68,兼职诈骗,深圳,56+,大专,0.004622496147919877,0.0019994427936820304,0.2333544424145573,0.03476502429181041,0.0012720556409426505
S0022,中,50483820.51,投资理财诈骗,上海,26-35,研究生及以上,0.0061633281972265025,0.0038584281799367084,0.23158405105230812,0.03132850333720442,0.0013711897618101023
S0023,高,59477606.22,投资理财诈骗,深圳,36-45,高中,0.007704160246533128,0.006291659003239394,0.23821057350902597,0.04097720714301027,0.0017102360440395146
S0024,高,25419346.69,网络诈骗,苏州,18-25,初中及以下,0.0015408320493066256,0.0,0.1824721472567005,0.0044775630204587575,0.0004959675180893496
S0025,高,236179150.62,网络诈骗,广州,36-45,初中及以下,0.0015408320493066256,0.0,0.1808760308444664,0.00446764975235472,0.0005090073411322467
S0026,中,24674175.2,网络诈骗,广州,26-35,本科,0.007704160246533128,0.0040588258404942795,0.22119553254409555,0.026038826733313244,0.0016878623288780615
S0027,高,40761350.1,网络诈骗,深圳,18-25,初中及以下,0.007704160246533128,0.005487265467361468,0.23671516001210816,0.031717767296171345,0.0014606912097794016
S0028,高,37375995.29,投资理财诈骗,苏州,26-35,大专,0.004622496147919877,0.00247963759001828,0.2211192319119658,0.022970077535353958,0.0007604113450815439
S0029,中,35090836.89,色情诈骗,苏州,56+,初中及以下,0.004622496147919877,0.0013343634628090013,0.22051071665386615,0.018966409758600256,0.0011704911812329868
S0030,中,387979282.12,色情诈骗,上海,56+,本科,0.007704160246533128,0.005275079343739252,0.23724080433485895,0.03846326326006337,0.0014099452905686743
S0031,中,286127739.44,短信诈骗,武汉,36-45,初中及以下,0.004622496147919877,0.001314391195234775,0.21431783795145065,0.01748932055530207,0.0010815020602363255
S0032,中,113237593.18,兼职诈骗,深圳,26-35,大专,0.009244992295839754,0.008960092614110208,0.24253675872598898,0.04815905147973342,0.002393046971210469
S0033,低,7073074.11,短信诈骗,南京,56+,大专,0.009244992295839754,0.007224218133882118,0.24044435608131617,0.044984849031302496,0.0019152788107356068
S0034,中,48227839.82,短信诈骗,深圳,36-45,高中,0.009244992295839754,0.007180508553729067,0.23301514115332203,0.033047824991944245,0.0015908143559245495
S0035,中,63231118.53,投资理财诈骗,成都,18-25,高中,0.0061633281972265025,0.005756744523146261,0.24645315390726216,0.0437759064607917,0.0011511089331456498
S0036,低,3242108.87,短信诈骗,成都,18-25,高中,0.004622496147919877,0.001930102925141799,0.22635051317541982,0.028671886080225552,0.0012403507428880773
S0037,低,7708722.77,投资理财诈骗,重庆,18-25,本科,0.0061633281972265025,0.002554345531222571,0.21303577710627747,0.014558116385200054,0.0013716160962867973
S0038,中,57617804.6,电话诈骗,北京,46-55,研究生及以上,0.0061633281972265025,0.0026083929456701825,0.21945383543744912,0.021074507836184083,0.0011341275793553918
S0039,低,2609232.44,短信诈骗,广州,36-45,本科,0.009244992295839754,0.0065338105222483255,0.2421702505904,0.054497026885946036,0.00201587132829462
S0040,低,36227728.15,网络诈骗,武汉,46-55,大专,0.0030816640986132513,0.0002102826159281857,0.2036938841159164,0.02162568184999143,0.0007246111715743826
S0041,低,21160703.47,色情诈骗,广州,18-25,大专,0.01078582434514638,0.010949875775207457,0.24607472296076346,0.049399994022724644,0.0022831174223998376
S0042,低,33174616.02,电话诈骗,上海,26-35,大专,0.0030816640986132513,0.0006065783864730193,0.2190788288833865,0.021357224136786937,0.000719803289461893
S0043,中,68869326.76,网络诈骗,杭州,46-55,大专,0.004622496147919877,0.0013869797448879226,0.22595158735029572,0.03421759154710509,0.0010214689548037846
S0044,中,12720470.77,网络诈骗,广州,56+,大专,0.0061633281972265025,0.0027819310275995768,0.22731370684850669,0.025680269123018105,0.0016171822128437268
S0045,低,36909889.05,色情诈骗,北京,46-55,初中及以下,0.007704160246533128,0.003962021859218454,0.2319191943968122,0.030555112831889872,0.001638959693988589
S0046,高,113161614.46,兼职诈骗,广州,46-55,大专,0.0061633281972265025,0.003472333303882307,0.23567082842381942,0.03862680885595649,0.001197207093708185
S0047,中,5553668.87,色情诈骗,广州,46-55,初中及以下,0.01386748844375963,0.016586686578804,0.25457690759046425,0.09496036813674663,0.002571829739902185
S0048,低,8636203.53,兼职诈骗,北京,56+,大专,0.0061633281972265025,0.0032737655360603655,0.2252370531668267,0.02503375077689206,0.0013799423883245692
S0049,低,8860831.1,网络诈骗,广州,26-35,初中及以下,0.0061633281972265025,0.00479170118725988,0.2245270239274217,0.02740516013260181,0.001610627809077111
S0050,中,20541607.86,色情诈骗,重庆,36-45,高中,0.007704160246533128,0.00560261628398076,0.2345498182630036,0.034915063701279433,0.0017338567872752326
S0051,中,95119437.42,网络诈骗,武汉,18-25,初中及以下,0.0061633281972265025,0.002653393166553496,0.23463567105153327,0.04164973626790758,0.001278683863932908
S0052,中,34780980.1,兼职诈骗,重庆,26-35,大专,0.01078582434514638,0.009082410679328438,0.2383877476060948,0.03932110545125687,0.002662803125816778
S0053,高,31750417.49,网络诈骗,深圳,56+,本科,0.0061633281972265025,0.0030800686712221773,0.2309998750676717,0.04070693867685417,0.0017290906777181207
S0054,中,40167423.31,色情诈骗,广州,46-55,高中,0.009244992295839754,0.006122254950049394,0.2275557874734785,0.028773392574739383,0.002387759095614053
S0055,高,40670111.51,网络诈骗,重庆,56+,高中,0.0061633281972265025,0.004497349366273658,0.23593104648980084,0.03376120388110412,0.0010591131534598004
S0056,低,11952873.14,网络诈骗,深圳,26-35,大专,0.009244992295839754,0.007597086638417726,0.2459802967432037,0.0656191917614133,0.0017819175259962273
S0057,高,314579602.06,投资理财诈骗,杭州,46-55,研究生及以上,0.004622496147919877,0.0022103985396507123,0.22319799906434154,0.027065023604826818,0.0013923237259841875
S0058,高,75144130.53,色情诈骗,广州,46-55,研究生及以上,0.012326656394453005,0.015398169778954807,0.2604732439304303,0.08585873899927889,0.002243777398052922
S0059,低,2977795.44,电话诈骗,苏州,26-35,研究生及以上,0.0061633281972265025,0.003974852682339263,0.23343942218237032,0.03320542210926385,0.001304235165218629
S0060,高,9027337.38,色情诈骗,苏州,18-25,本科,0.0061633281972265025,0.0031982289985847366,0.22739434314040044,0.024636859208695953,0.0011276853806658736
S0061,中,23652356.2,电话诈骗,南京,18-25,研究生及以上,0.0061633281972265025,0.002673069705481722,0.2175176970861177,0.020131556657137617,0.0011674491387263222
S0062,高,48086915.02,兼职诈骗,苏州,56+,研究生及以上,0.0061633281972265025,0.0036200647055611313,0.2374165382639959,0.0433682076068508,0.0011805864759234777
S0063,中,15910327.49,兼职诈骗,南京,18-25,研究生及以上,0.007704160246533128,0.005265654894093102,0.23386525111739837,0.038045297476047416,0.0016121474281273885
S0064,高,18374012.03,兼职诈骗,北京,46-55,研究生及以上,0.004622496147919877,0.0018417169270508865,0.22312031093379356,0.024376037493647935,0.000993931038474738
S0065,中,32403540.39,投资理财诈骗,北京,56+,高中,0.007704160246533128,0.004986006856948643,0.22173111494735,0.022228553058542638,0.0014341357566117472
S0066,中,13002194.78,兼职诈骗,深圳,26-35,本科,0.004622496147919877,0.0018682623439640925,0.21547047170177777,0.017102222721967267,0.0011339424640041539
S0067,中,35030486.72,网络诈骗,武汉,56+,研究生及以上,0.004622496147919877,0.0018989478122942972,0.20962218878770075,0.014541299625673042,0.0013001451627994908
S0068,高,691493629.26,电话诈骗,北京,46-55,大专,0.004622496147919877,0.0012236885197708296,0.19621201509421146,0.00917665158397106,0.0014139982329874606
S0069,低,23294172.39,网络诈骗,北京,56+,大专,0.0015408320493066256,0.0,0.1953747800404721,0.008889492490498446,0.00035216188143209895
S0070,低,67225616.28,投资理财诈骗,广州,18-25,初中及以下,0.007704160246533128,0.005862544195439899,0.23567082842381942,0.03225254254662408,0.0016788120544264336
S0071,中,16924038.4,投资理财诈骗,上海,56+,大专,0.012326656394453005,0.01418245757898707,0.25457690759046425,0.06754184389975185,0.0025074979828744962
S0072,中,13868576.59,网络诈骗,重庆,56+,高中,0.0061633281972265025,0.005002986342687664,0.22257800462249616,0.025061428518966502,0.001515823333680052
S0073,中,9578097.47,投资理财诈骗,重庆,56+,高中,0.007704160246533128,0.00491865507383248,0.2388318380450033,0.04116600636801452,0.0013802307038750488
S0074,中,14484201.47,兼职诈骗,武汉,46-55,初中及以下,0.0061633281972265025,0.0024350250970960343,0.2284478450865249,0.030311248113820233,0.0014943602653580198
S0075,低,4807141.04,网络诈骗,武汉,36-45,初中及以下,0.007704160246533128,0.0063216835728770295,0.24189609558973166,0.051078366656502464,0.0018118743222264092
S0076,中,18869158.97,投资理财诈骗,上海,18-25,研究生及以上,0.01078582434514638,0.008457017102535092,0.24588594296616376,0.06414475827819403,0.0025363442926202634
S0077,高,207520171.12,短信诈骗,成都,18-25,初中及以下,0.009244992295839754,0.004656975908712807,0.22951115406830966,0.03354785983364572,0.002041391267520741
S0078,中,77911571.74,网络诈骗,南京,56+,大专,0.009244992295839754,0.006499050000389678,0.24053457910423598,0.043679548553832374,0.001620681897302551
S0079,高,43797048.05,投资理财诈骗,深圳,36-45,高中,0.004622496147919877,0.0015708740210413838,0.22211526448814584,0.028187338990093635,0.0004267046251570985
S0080,中,88387748.97,兼职诈骗,杭州,36-45,本科,0.007704160246533128,0.005091566426933954,0.23326952449519245,0.03351388942470411,0.0012927119326942703
S0081,中,105195518.82,网络诈骗,苏州,56+,研究生及以上,0.015408320493066256,0.020262763627909946,0.25941912315369847,0.08374716224129901,0.0034976609040175194
S0082,中,72920698.09,色情诈骗,重庆,56+,大专,0.004622496147919877,0.0015041004984731913,0.21656238287594218,0.019273044348908776,0.0012367135714338683
S0083,低,4823984.97,投资理财诈骗,成都,26-35,高中,0.007704160246533128,0.004173331060154709,0.2264304674365203,0.02852920597845995,0.0016297272017717892
S0084,中,23958519.66,兼职诈骗,南京,56+,高中,0.01078582434514638,0.011217344609561008,0.24504000508898657,0.0575863425707013,0.0022654378086593664
S0085,中,6794108.93,兼职诈骗,北京,46-55,初中及以下,0.0030816640986132513,0.0004243992124261913,0.20558840709197845,0.0134320954829387,0.0005197923931603063
S0086,低,11918675.68,网络诈骗,深圳,46-55,本科,0.0030816640986132513,0.0008283454955306976,0.2051935509964113,0.011887718828870587,0.0008698241853193337
S0087,高,90176113.53,短信诈骗,重庆,26-35,大专,0.009244992295839754,0.008411334766331146,0.23541118373587547,0.04031347765410691,0.0022230295096679047
S0088,高,288938316.22,短信诈骗,上海,46-55,高中,0.01078582434514638,0.009590230697680007,0.246832750601767,0.05751943215022843,0.0022932831078832754
S0089,中,63134535.79,网络诈骗,广州,56+,本科,0.0015408320493066256,0.0,0.17950844394085377,0.005221749629687773,0.0005177241231328225
S0090,低,18823838.56,投资理财诈骗,北京,18-25,初中及以下,0.007704160246533128,0.004068697697443295,0.23075041515939126,0.03433132507307646,0.0017444988763701895
S0091,高,70846082.67,短信诈骗,杭州,46-55,大专,0.004622496147919877,0.0035388550040721437,0.19419104917079336,0.006978332291722972,0.0014361930559546867
S0092,中,88341866.58,网络诈骗,上海,18-25,初中及以下,0.009244992295839754,0.00686166794834438,0.24107734235155656,0.04445848245803998,0.0018259482505019527
S0093,中,284545248.51,色情诈骗,广州,18-25,大专,0.01078582434514638,0.009690263491638653,0.24244502772798368,0.05392927834836969,0.002237368879470571
S0094,高,30676885.23,色情诈骗,武汉,46-55,研究生及以上,0.01386748844375963,0.013438310588032595,0.2459802967432037,0.059107696830661784,0.0028477185533213973
S0095,高,56437455.99,电话诈骗,上海,46-55,本科,0.0030816640986132513,0.0005868849371148602,0.20598478576889104,0.013152675282124033,0.0008344343143770247
S0096,中,8522006.98,投资理财诈骗,南京,18-25,初中及以下,0.012326656394453005,0.011469418721635235,0.24616922170229988,0.05316001079878825,0.00265849579378575
S0097,中,58501789.26,兼职诈骗,广州,56+,高中,0.0030816640986132513,0.0005465733990414907,0.2151811525051322,0.019317569788299734,0.0009281190184416289
S0098,中,87202556.59,兼职诈骗,成都,26-35,高中,0.007704160246533128,0.003922383405207929,0.22651047820239892,0.04197742048162078,0.0018319604051360004
S0099,低,10231655.81,网络诈骗,上海,18-25,大专,0.004622496147919877,0.0025071674193459397,0.22836646003305625,0.03043336688482923,0.0012611889228017472
S0100,中,24915463.63,网络诈骗,南京,36-45,大专,0.007704160246533128,0.005650580796973002,0.2364532103698963,0.03849891076877676,0.001343971001778575
S0101,中,41115818.32,兼职诈骗,杭州,36-45,研究生及以上,0.009244992295839754,0.00789324504883757,0.24457254990949595,0.04721366397434004,0.0016913700504895526
S0102,中,20355153.79,兼职诈骗,杭州,26-35,高中,0.0061633281972265025,0.0034559065488379034,0.22796040302730758,0.024634517718410805,0.001316806041811375
S0103,中,15769710.76,网络诈骗,广州,56+,研究生及以上,0.009244992295839754,0.006828680133095207,0.24419986792868148,0.05569236326649921,0.0018260874516641675
S0104,高,34522446.35,网络诈骗,北京,26-35,本科,0.007704160246533128,0.00554742113642075,0.22869234866671026,0.0338581555610155,0.0011986692206772277
S0105,高,65971382.07,色情诈骗,南京,36-45,大专,0.0061633281972265025,0.004410159668568533,0.23091666185619195,0.030508089765951582,0.0013106947013403704
S0106,中,21578069.34,网络诈骗,南京,46-55,研究生及以上,0.0061633281972265025,0.0068214378072472175,0.2051935509964113,0.0118991570011795,0.002177027006430447
S0107,高,99939980.38,兼职诈骗,杭州,26-35,大专,0.009244992295839754,0.005907507019433399,0.23217118917522234,0.03142538779920318,0.0017224511595665265
S0108,高,252887699.32,色情诈骗,上海,26-35,高中,0.0030816640986132513,0.00045302807039195416,0.20532500106111112,0.01162325482774118,0.0004723111337227013
S0109,中,13861675.75,电话诈骗,深圳,18-25,初中及以下,0.012326656394453005,0.014665271871157596,0.25661515344787383,0.087351532607274,0.0028407596629139564
S0110,中,37118697.16,投资理财诈骗,苏州,26-35,大专,0.009244992295839754,0.004964860021913852,0.23301514115332203,0.039001688200814094,0.0023964525124950493
S0111,中,27195174.98,网络诈骗,重庆,18-25,本科,0.012326656394453005,0.012019083615897666,0.24702298778912865,0.04678081247127267,0.0026027593465860156
S0112,高,273289039.33,兼职诈骗,上海,56+,高中,0.007704160246533128,0.006258487381288234,0.24062486986215798,0.04444352201745036,0.0017888919962065644
S0113,中,8964213.1,短信诈骗,成都,36-45,本科,0.0015408320493066256,0.0,0.1975422660440027,0.009511898870561203,0.0004693708916735435
S0114,高,129092546.07,网络诈骗,广州,36-45,大专,0.0015408320493066256,0.0,0.19163666765703705,0.008349693695362837,0.0005700827518503622
S0115,中,21137027.46,短信诈骗,杭州,56+,高中,0.004622496147919877,0.0017280013484021017,0.21885443950590264,0.021205866839689273,0.0012122091146335443
S0116,高,41066210.8,兼职诈骗,南京,56+,初中及以下,0.007704160246533128,0.006458021043461289,0.23506587946930288,0.037663879281744195,0.0013888849117063375
S0117,中,72511399.56,网络诈骗,重庆,56+,大专,0.009244992295839754,0.009410571740242516,0.25346961380497784,0.057893872547839384,0.001977276321520985
S0118,高,49586415.36,网络诈骗,成都,36-45,研究生及以上,0.012326656394453005,0.013897449835035535,0.25640986132511556,0.08424819451023005,0.002342316287686122
S0119,高,78963477.5,色情诈骗,重庆,46-55,高中,0.007704160246533128,0.0049618050358574955,0.23352446386622547,0.03581606205361906,0.001889178542076128
S0120,中,34238313.3,色情诈骗,武汉,36-45,大专,0.0030816640986132513,0.0007593513945879401,0.20292011817435546,0.011086349623426292,0.0007678419924635447
S0121,低,239362310.82,兼职诈骗,上海,26-35,大专,0.009244992295839754,0.006823488521954098,0.23593104648980084,0.03554255938529888,0.0021046369046672946
S0122,中,101218823.3,网络诈骗,苏州,56+,本科,0.004622496147919877,0.0012035462412438211,0.2170757376609512,0.020925044462440496,0.0009844222621078298
S0123,高,22864703.21,电话诈骗,成都,18-25,研究生及以上,0.0061633281972265025,0.002601214693398991,0.23083350857500498,0.035492764795121624,0.001503671481990408
S0124,中,17172967.37,投资理财诈骗,重庆,36-45,初中及以下,0.004622496147919877,0.0016394705176324624,0.21576056994708478,0.018938859678998877,0.0012285862118128258
S0125,中,35697409.99,电话诈骗,武汉,18-25,本科,0.007704160246533128,0.004929290576125716,0.24080565488835046,0.04417241176262917,0.001591576972596922
S0126,高,27926409.23,网络诈骗,杭州,46-55,高中,0.0061633281972265025,0.0028835192250768723,0.22910101976868794,0.028207318364397306,0.0009874504739604047
S0127,中,32670821.99,色情诈骗,杭州,18-25,初中及以下,0.01078582434514638,0.009645487727216634,0.24569745240045568,0.05156343157977073,0.0022696110849055803
S0128,高,12843822.73,兼职诈骗,南京,46-55,大专,0.0061633281972265025,0.0037828978075356992,0.22910101976868794,0.03077869032537744,0.0012422592300007172
S0129,高,146692889.48,色情诈骗,南京,18-25,大专,0.004622496147919877,0.0035748112900499656,0.20408298418108528,0.012888287846313925,0.0011182634583464675
S0130,低,12734331.33,电话诈骗,武汉,26-35,大专,0.009244992295839754,0.008754199693696332,0.2421702505904,0.039165633430869644,0.0021661872792799568
S0131,低,4434454.42,投资理财诈骗,北京,46-55,初中及以下,0.0030816640986132513,0.00047481574500950527,0.20050818057953984,0.009478443905469038,0.0009188486856363914
S0132,中,62572975.21,色情诈骗,杭州,36-45,本科,0.0061633281972265025,0.002899567144404143,0.2172228577813585,0.019754604824400564,0.0010691051604250594
S0133,中,5859883.58,电话诈骗,杭州,26-35,本科,0.0061633281972265025,0.004888393746597284,0.221424750712535,0.02121313603199737,0.0014643518886990428
S0134,高,228736564.81,电话诈骗,深圳,18-25,研究生及以上,0.009244992295839754,0.0067770377581302735,0.242996456904014,0.04689462351678277,0.0021647300570208153
S0135,高,61508967.25,色情诈骗,苏州,36-45,初中及以下,0.007704160246533128,0.005941788355497862,0.24336547202459716,0.04285792198197046,0.0014425181526522177
S0136,低,3956180.43,投资理财诈骗,上海,56+,大专,0.01078582434514638,0.009050537894225342,0.23549766837354477,0.0364928496816078,0.0023207522532140883
S0137,低,17941951.32,兼职诈骗,武汉,36-45,初中及以下,0.007704160246533128,0.005538719086567797,0.24125880817191903,0.03971513397238559,0.001594606968171806
S0138,中,160427788.3,投资理财诈骗,广州,56+,研究生及以上,0.007704160246533128,0.00395336451239096,0.23175150155921506,0.03558100699655977,0.0015460501101814304
S0139,低,14715073.81,投资理财诈骗,成都,56+,高中,0.0061633281972265025,0.0035939616342976948,0.22667066948825632,0.024113075590200317,0.0013946695872181466
S0140,中,263251705.01,色情诈骗,广州,56+,初中及以下,0.007704160246533128,0.00538193931909883,0.23420703445845412,0.03334505608957879,0.0013109389943075419
S0141,中,6803640.88,网络诈骗,苏州,26-35,研究生及以上,0.01078582434514638,0.009577711362418513,0.25346961380497784,0.06596667761884824,0.002356842423249017
S0142,低,11191459.68,短信诈骗,苏州,36-45,大专,0.007704160246533128,0.005210584975544424,0.23856518545321506,0.041211403316197374,0.0019172465844465422
S0143,中,13775657.91,兼职诈骗,北京,46-55,大专,0.0030816640986132513,0.0004223456625090109,0.19249989588972638,0.006456303416819497,0.000691218748128654
S0144,中,22138915.8,色情诈骗,成都,18-25,研究生及以上,0.012326656394453005,0.010637270683376556,0.24836290325950752,0.05970152230948109,0.0022940885004370144
S0145,高,299055244.98,短信诈骗,重庆,18-25,研究生及以上,0.0030816640986132513,0.000540915875963586,0.21121075891689914,0.016301247924020202,0.0007179203075976056
S0146,高,98779637.93,投资理财诈骗,武汉,46-55,研究生及以上,0.0061633281972265025,0.003533334223082415,0.2333544424145573,0.03703583680695242,0.0013824340528173311
S0147,中,2521309.95,兼职诈骗,上海,36-45,大专,0.01078582434514638,0.011192912885073987,0.25276997370378107,0.05950983168589233,0.0023537632609848804
S0148,中,22469786.6,投资理财诈骗,重庆,36-45,大专,0.007704160246533128,0.0031505620485894137,0.2288556420252727,0.03808548751184964,0.0015076618359808698
S0149,中,5578888.6,电话诈骗,重庆,56+,高中,0.004622496147919877,0.001599231889135588,0.2288556420252727,0.03308665440354043,0.0011519003238699807
S0150,中,147489080.22,投资理财诈骗,深圳,46-55,研究生及以上,0.009244992295839754,0.00657695004175342,0.2431808244737439,0.0512380152536851,0.0019864545953652444
S0151,低,4995927.52,投资理财诈骗,重庆,18-25,大专,0.0061633281972265025,0.004318215992009737,0.22157782693148595,0.024066407265525443,0.0013757665928195544
S0152,中,52941005.31,网络诈骗,南京,36-45,初中及以下,0.01078582434514638,0.012184948466616068,0.24588594296616376,0.04828267079430043,0.0024265950767385315
S0153,高,69866195.64,兼职诈骗,成都,56+,初中及以下,0.009244992295839754,0.008461012351114489,0.2377687883207674,0.04153621754377036,0.0018895051088935288
S0154,高,197363760.92,网络诈骗,杭州,26-35,初中及以下,0.0061633281972265025,0.0032643076852958944,0.2309998750676717,0.033871925368325576,0.001289060921071798
S0155,高,189168939.71,色情诈骗,上海,26-35,大专,0.007704160246533128,0.005550741179269486,0.24008413981752394,0.05378596097355008,0.0016242705605640547
S0156,中,25799163.74,网络诈骗,广州,18-25,本科,0.004622496147919877,0.001646300329941394,0.22165444443734056,0.022165547952337085,0.0008460676127259898
S0157,中,26226629.79,短信诈骗,南京,26-35,本科,0.007704160246533128,0.0062875639709566115,0.24272042912260086,0.04654269075393619,0.001597976717388473
S0158,高,132563711.92,网络诈骗,苏州,18-25,本科,0.01078582434514638,0.00787417757501437,0.23654046247704386,0.04617852877169439,0.002235336274779034
S0159,中,99986354.87,兼职诈骗,武汉,18-25,初中及以下,0.004622496147919877,0.0012915641808424738,0.22081455505090902,0.024550532234765093,0.0013419780463961003
S0160,中,39396086.59,色情诈骗,苏州,36-45,大专,0.0030816640986132513,0.0005559519210093491,0.202088478345772,0.010030509481809445,0.0007221272656215943
S0161,中,21108645.36,网络诈骗,武汉,36-45,高中,0.0,0.0,0.0,1.6962935102980798e-32,0.00023198267862666256
S0162,高,7899179.83,短信诈骗,上海,26-35,本科,0.01694915254237288,0.020657261040524576,0.26026173500316235,0.09855461454957001,0.0036924007209466897
S0163,中,162296864.04,投资理财诈骗,北京,56+,大专,0.007704160246533128,0.0052867319227687,0.23175150155921506,0.03016908891900416,0.0013902392049761263
S0164,中,32452784.73,电话诈骗,广州,26-35,本科,0.0061633281972265025,0.0025686317355774115,0.2181097833660391,0.01938269855666868,0.0019085758628716628
S0165,低,8518842.82,网络诈骗,苏州,36-45,大专,0.0061633281972265025,0.003151734191943023,0.22343138839762594,0.023529950070122135,0.0013965034027535361
S0166,中,92019122.7,色情诈骗,成都,56+,大专,0.009244992295839754,0.006557445003941893,0.23759253273268677,0.04253826830722545,0.0020782020918134435
S0167,低,61298496.57,短信诈骗,武汉,36-45,本科,0.0061633281972265025,0.0016682848333048825,0.22555406520506294,0.030821982992349107,0.0013781312111231909
S0168,低,17116890.46,色情诈骗,杭州,26-35,高中,0.0061633281972265025,0.003124054893813466,0.2210429839009617,0.02133303547257827,0.0014928196981145523
S0169,高,91559591.35,投资理财诈骗,上海,26-35,初中及以下,0.009244992295839754,0.007544766702061153,0.24749986614393393,0.05856716923788407,0.0018138004099692569
S0170,低,3151832.29,投资理财诈骗,重庆,26-35,大专,0.007704160246533128,0.006377623610996582,0.24198741159410678,0.046575666575028936,0.0011974313495878195
S0171,中,70390717.33,色情诈骗,成都,26-35,研究生及以上,0.007704160246533128,0.0032583450577607386,0.21892918487458637,0.024117487077188107,0.0016011018089437934
S0172,高,16084123.45,投资理财诈骗,重庆,46-55,初中及以下,0.009244992295839754,0.008467012213685832,0.22595158735029572,0.025124388888060598,0.0016967731309316372
S0173,低,29105298.33,网络诈骗,上海,36-45,初中及以下,0.004622496147919877,0.0013834227021193453,0.21960419777759127,0.02780633225897274,0.0014394114446535282
S0174,高,64065036.27,电话诈骗,成都,18-25,大专,0.004622496147919877,0.001273548531996916,0.22651047820239892,0.02885921188265412,0.000640539812577715
S0175,中,99557473.04,色情诈骗,上海,56+,高中,0.004622496147919877,0.002015440268083285,0.22413449416531078,0.021438614276534585,0.0010914924540072336
S0176,中,104494579.95,色情诈骗,上海,18-25,研究生及以上,0.0030816640986132513,0.0015121629298913656,0.223509293344766,0.03221534375516088,0.000748324118910632
S0177,中,20667493.61,电话诈骗,南京,56+,大专,0.004622496147919877,0.0015597404172635193,0.21960419777759127,0.01961315869403758,0.0012482787102776002
S0178,低,18653521.58,色情诈骗,武汉,26-35,本科,0.01078582434514638,0.009696467810290882,0.23636602260796052,0.03799640976241699,0.002457010179308948
S0179,中,522419949.21,网络诈骗,重庆,56+,本科,0.012326656394453005,0.016690579042395327,0.2561025382791805,0.06444819127450835,0.0017845109199580568
S0180,中,26629624.58,色情诈骗,上海,46-55,大专,0.009244992295839754,0.007243998451050138,0.2383877476060948,0.04301685043977109,0.0019428639241125655
S0181,高,76559241.44,兼职诈骗,杭州,36-45,大专,0.0030816640986132513,0.00040715228609038774,0.19501814825457525,0.007489049797852323,0.0008870458746076516
S0182,中,26447677.76,网络诈骗,苏州,36-45,高中,0.007704160246533128,0.005328268859530642,0.24107734235155656,0.04115206007930269,0.0013492063158384244
S0183,中,5714021.05,投资理财诈骗,广州,36-45,本科,0.0030816640986132513,0.0005691993514930427,0.2018975286024532,0.009165217608378587,0.0007774708055636313
S0184,高,58379396.68,色情诈骗,上海,18-25,高中,0.01078582434514638,0.008409302806673211,0.23990443612005574,0.04490735847379319,0.0021596126564860977
S0185,中,9296967.93,网络诈骗,成都,56+,大专,0.004622496147919877,0.001247341663711064,0.20738422947680002,0.010885319683619376,0.0011836593059244998
S0186,中,8745716.19,网络诈骗,苏州,36-45,大专,0.007704160246533128,0.004969489372373549,0.24244502772798368,0.05201531181758736,0.0017906684870181452
S0187,高,177076125.29,网络诈骗,北京,26-35,初中及以下,0.0061633281972265025,0.002970501389985785,0.22058659783647244,0.0204508404071503,0.0013077358174635604
S0188,中,18233221.39,投资理财诈骗,武汉,36-45,研究生及以上,0.0061633281972265025,0.003925100665704988,0.23593104648980084,0.0417116547963349,0.0009795473303003486
S0189,中,76356049.9,网络诈骗,上海,18-25,本科,0.007704160246533128,0.006958383613011436,0.22343138839762594,0.025260650572714635,0.00197183321290042
S0190,高,259522217.92,电话诈骗,成都,56+,高中,0.004622496147919877,0.0012581586502925664,0.20731715825122538,0.014967637523722183,0.001550023164074329
S0191,高,101542276.48,电话诈骗,杭州,26-35,研究生及以上,0.007704160246533128,0.0035290798870725214,0.23058440766647081,0.03199252219669826,0.0017476237796787402
S0192,中,40666209.59,短信诈骗,武汉,26-35,大专,0.009244992295839754,0.008241384247449668,0.24107734235155656,0.04907154725457859,0.00195343187362692
S0193,低,34061474.92,短信诈骗,上海,36-45,高中,0.007704160246533128,0.004079524563182403,0.23000525773691743,0.03392308899370776,0.001466209912572647
S0194,中,30486807.69,色情诈骗,武汉,36-45,本科,0.0030816640986132513,0.0004597320620157051,0.20259944794968043,0.010032550797177993,0.0008904415299621359
S0195,高,82515881.79,电话诈骗,苏州,46-55,初中及以下,0.0061633281972265025,0.002409290112313454,0.22013209248378737,0.024208195277460605,0.0014034550874342587
S0196,中,20470016.54,色情诈骗,成都,56+,高中,0.0030816640986132513,0.0008133078111423523,0.22089064552473772,0.02315071154719481,0.000599400444209152
S0197,中,90726258.84,电话诈骗,苏州,36-45,高中,0.0030816640986132513,0.000603320257022036,0.20893893523884904,0.014428173762123435,0.0008807305932811644
S0198,低,9050647.85,短信诈骗,苏州,56+,研究生及以上,0.0061633281972265025,0.0027275002547003544,0.21892918487458637,0.02043255891448494,0.0013796332324913973
S0199,中,443817957.34,投资理财诈骗,成都,26-35,初中及以下,0.0030816640986132513,0.0007893190805500739,0.1831499009465111,0.005076470823224894,0.0007151551086449798
S0200,中,17241838.22,投资理财诈骗,杭州,18-25,初中及以下,0.004622496147919877,0.0012436614617550757,0.20859897602108327,0.014028454392380993,0.0008946116946757009
S0201,高,17225769.66,投资理财诈骗,上海,56+,初中及以下,0.004622496147919877,0.0016385963682693202,0.22319799906434154,0.025122241086169637,0.0012489395316518383
S0202,高,26369421.52,兼职诈骗,成都,18-25,初中及以下,0.0015408320493066256,0.0,0.19112243688514877,0.006958686181377621,0.0004243084937040416
S0203,中,88414167.94,色情诈骗,武汉,36-45,研究生及以上,0.0015408320493066256,0.0,0.1956729710966999,0.011103416077187575,0.0003152367666359073
S0204,低,8891614.99,投资理财诈骗,深圳,36-45,本科,0.007704160246533128,0.004886627407240026,0.23515211053293797,0.03912695008570161,0.0016553409720948444
S0205,低,20434775.6,色情诈骗,重庆,36-45,高中,0.015408320493066256,0.016082025935495455,0.26153596626388775,0.09785985060086816,0.00322312878877195
S0206,中,19965491.3,网络诈骗,北京,26-35,大专,0.007704160246533128,0.005513984042673183,0.23750450289469763,0.037519679079538,0.0014366981525851664
S0207,低,18437200.57,网络诈骗,成都,36-45,本科,0.004622496147919877,0.0017895257858035,0.2184070369038463,0.01970633254147777,0.0010310918893578875
S0208,低,36353100.75,兼职诈骗,重庆,36-45,高中,0.0015408320493066256,0.0,0.1904410734737935,0.006468186607466386,0.0003846147459100779
S0209,中,309013361.21,兼职诈骗,成都,18-25,本科,0.01078582434514638,0.01309481956048323,0.2508902752691933,0.07058543569158783,0.0018472840718528395
S0210,中,16975503.7,电话诈骗,成都,36-45,大专,0.0015408320493066256,0.0,0.19413223904082036,0.0074367380860749675,0.0006817916807050368
S0211,高,87945948.17,网络诈骗,杭州,36-45,大专,0.009244992295839754,0.0090969104862128,0.2496201920999957,0.054097599371948066,0.0021480554941970724
S0212,高,92324892.8,投资理财诈骗,南京,36-45,研究生及以上,0.009244992295839754,0.008999111877460006,0.24171367017827636,0.041046865739454326,0.0020622741746870454
S0213,高,114654671.61,兼职诈骗,杭州,56+,初中及以下,0.009244992295839754,0.006546823819311572,0.23008781525943606,0.027347725307307946,0.002489379385425393
S0214,高,68698998.25,兼职诈骗,广州,26-35,大专,0.0015408320493066256,0.0,0.1915793942955137,0.0069440932402858105,0.0004288483279225805
S0215,中,65339798.27,兼职诈骗,北京,36-45,本科,0.007704160246533128,0.004983691085658528,0.23610484468242685,0.04015589503504675,0.0013366287915466343
S0216,低,69811926.8,短信诈骗,成都,56+,大专,0.0030816640986132513,0.0007413504471832906,0.20718314586709402,0.013344154535017177,0.0006429988727983977
S0217,高,26117029.12,兼职诈骗,重庆,18-25,大专,0.012326656394453005,0.01236924324109272,0.25059603335136393,0.0646404458606494,0.0028071296408214664
S0218,低,19954732.82,电话诈骗,重庆,36-45,研究生及以上,0.004622496147919877,0.0019103271439878796,0.2237433344896296,0.02733499830974897,0.000857226973845271
S0219,中,47769298.29,色情诈骗,苏州,26-35,研究生及以上,0.007704160246533128,0.004804206753758112,0.22659054553297592,0.025903935253659797,0.0017569299071948828
S0220,中,22295191.26,网络诈骗,成都,18-25,高中,0.0030816640986132513,0.0004963003785769496,0.19603200407118926,0.007637163491782405,0.0005930870027951545
S0221,中,147354842.81,色情诈骗,广州,26-35,初中及以下,0.007704160246533128,0.00392198541511538,0.2253162226055497,0.028239039909490154,0.0014604112601979385
S0222,低,13636199.23,投资理财诈骗,杭州,56+,本科,0.0015408320493066256,0.0,0.19372156340670563,0.008515336708738734,0.0005175891160856525
S0223,高,107907737.69,网络诈骗,重庆,18-25,高中,0.004622496147919877,0.0029468460156217,0.20711620462448752,0.015125252343035469,0.00141054941104816
S0224,高,36128310.08,电话诈骗,上海,56+,本科,0.007704160246533128,0.0057394041208971795,0.23242373216562326,0.03211351330751349,0.0017130709418776476
S0225,中,47694309.63,兼职诈骗,北京,36-45,大专,0.01078582434514638,0.009913299759866226,0.24607472296076346,0.05223268434368163,0.0017732552092813503
S0226,中,19529076.19,电话诈骗,上海,26-35,研究生及以上,0.0061633281972265025,0.00438039544695638,0.23627889912008435,0.04114633417655347,0.0009142218130860058
S0227,低,40356693.81,短信诈骗,深圳,26-35,本科,0.009244992295839754,0.007683259797075658,0.23497971162492262,0.034649841735091606,0.0017166737070381578
S0228,中,36796020.43,短信诈骗,广州,18-25,本科,0.009244992295839754,0.009064997572957671,0.2506940372752401,0.07061372602351748,0.0026280760463048983
S0229,高,101666439.55,兼职诈骗,深圳,36-45,初中及以下,0.007704160246533128,0.004790097335239572,0.22281009847507435,0.025658068582234093,0.0018814406039108476
S0230,中,42140846.39,短信诈骗,北京,26-35,本科,0.0061633281972265025,0.004171877903836965,0.23515211053293797,0.03362042663376372,0.0011906523080500503
S0231,中,15141028.45,网络诈骗,成都,46-55,高中,0.01078582434514638,0.009919671265481541,0.24494637115505882,0.0501053404486148,0.0023077598541803085
S0232,低,20890350.72,短信诈骗,武汉,46-55,初中及以下,0.01078582434514638,0.01367480822526308,0.25377064660047066,0.06478779332357966,0.002068664921462874
S0233,低,22349704.1,色情诈骗,上海,46-55,大专,0.0030816640986132513,0.0005531200344949333,0.2079223656544888,0.013457685733873317,0.0009307730829317673
S0234,中,68050488.62,投资理财诈骗,杭州,46-55,高中,0.009244992295839754,0.006045286453214231,0.23225530917130033,0.04068159358011745,0.0023087007243491825
S0235,中,30203993.02,色情诈骗,苏州,18-25,本科,0.0030816640986132513,0.0008941967148471373,0.21482059427372283,0.01775248524146825,0.0009482268271951673
S0236,高,278933729.56,网络诈骗,南京,18-25,本科,0.009244992295839754,0.0074568547125060435,0.2516783091137766,0.05741950407783024,0.001813088051460798
S0237,高,13456366.8,短信诈骗,北京,56+,高中,0.0030816640986132513,0.0003211592906865586,0.20145337941948113,0.012121998499831761,0.0007721618849836212
S0238,中,58114249.48,电话诈骗,南京,36-45,研究生及以上,0.007704160246533128,0.0045569916306913046,0.23420703445845412,0.03465656065096519,0.0018242068478762361
S0239,中,84568168.14,网络诈骗,北京,46-55,初中及以下,0.007704160246533128,0.006186783761832071,0.2210429839009617,0.025208439285598957,0.0018222543568107324
S0240,中,76993682.56,色情诈骗,南京,46-55,本科,0.007704160246533128,0.0043335137823145116,0.23116648154085426,0.03382621198985908,0.0013588960304395529
S0241,中,35170672.31,网络诈骗,北京,56+,本科,0.007704160246533128,0.005332636656929054,0.23680260558285512,0.04217314537089547,0.001610124411661659
S0242,中,15138419.08,电话诈骗,南京,26-35,高中,0.009244992295839754,0.0064261366479263825,0.2345498182630036,0.03691430120651932,0.0017296717163648042
S0243,低,6723673.95,网络诈骗,武汉,36-45,研究生及以上,0.0061633281972265025,0.0020328233729933433,0.22281009847507435,0.030126055628587365,0.001224019566098126
S0244,中,21172994.13,色情诈骗,成都,18-25,初中及以下,0.012326656394453005,0.010726143549690682,0.24845916795069337,0.0643700326918486,0.0020336189515374296
S0245,中,48958499.02,色情诈骗,深圳,36-45,大专,0.009244992295839754,0.011485163877170974,0.2508902752691933,0.04951198771853607,0.0017531410722895387
S0246,低,21770212.16,投资理财诈骗,南京,26-35,高中,0.0061633281972265025,0.0037672666389980385,0.22699173275948614,0.0231014174991685,0.0016167928555569449
S0247,中,178280496.06,投资理财诈骗,苏州,46-55,研究生及以上,0.012326656394453005,0.015303847461692627,0.25579595104261327,0.06292953543810378,0.0025247782567433394
S0248,中,20851260.14,短信诈骗,重庆,36-45,本科,0.0015408320493066256,0.0,0.1701233156350289,0.0020184683748492136,0.0003850317254725491
S0249,中,27430439.41,短信诈骗,上海,26-35,大专,0.0061633281972265025,0.004381317358350727,0.22992275943787263,0.036474153656500446,0.0017279745223722155
S0250,高,187470628.57,网络诈骗,广州,46-55,高中,0.01078582434514638,0.009412251898538022,0.23610484468242685,0.03826372216595841,0.0025609818307260742
S0251,中,21876143.61,网络诈骗,苏州,46-55,初中及以下,0.0061633281972265025,0.0022067690386675326,0.21773935234809405,0.018884402230778766,0.0014985820074250194
S0252,低,2683539.32,电话诈骗,武汉,46-55,研究生及以上,0.004622496147919877,0.0013560626462240254,0.21700225230629278,0.019674858534751708,0.0011108291297897519
S0253,中,6930299.07,兼职诈骗,上海,46-55,高中,0.0030816640986132513,0.0009440814934709655,0.22397786628678856,0.030338372912702766,0.0005654593503974556
S0254,中,244556638.32,投资理财诈骗,南京,26-35,大专,0.015408320493066256,0.020671585395795916,0.26015610929902144,0.07455053710307111,0.0031115374082477526
S0255,中,144640330.1,网络诈骗,广州,26-35,本科,0.01386748844375963,0.01814445990234921,0.25549009697600195,0.06901045166324853,0.0032534729318577484
S0256,低,43780516.72,电话诈骗,上海,56+,研究生及以上,0.012326656394453005,0.012545931159586455,0.2418048484770988,0.0422549030755091,0.002858342884772576
S0257,高,27031135.28,兼职诈骗,武汉,18-25,本科,0.012326656394453005,0.013018072427113477,0.24942593514116299,0.056164392766490635,0.0029682476209999774
S0258,中,28737542.06,色情诈骗,北京,36-45,初中及以下,0.0061633281972265025,0.001972127005034139,0.21261182531104109,0.016275105880741818,0.001398294010303493
S0259,低,24689811.42,网络诈骗,武汉,46-55,本科,0.007704160246533128,0.006065041547712242,0.2277174612123584,0.031549183197165,0.0018914031829175414
S0260,低,3168731.92,短信诈骗,重庆,36-45,高中,0.007704160246533128,0.004875281988604692,0.2344640282782695,0.03550444552109663,0.0013323243126883713
S0261,中,13608733.67,兼职诈骗,深圳,36-45,本科,0.004622496147919877,0.001875358471510673,0.21247088276857437,0.016551715596382372,0.0008163760762445378
S0262,中,50493784.43,色情诈骗,深圳,46-55,初中及以下,0.004622496147919877,0.00396643254332591,0.2153257149186392,0.02233497369140324,0.0010772734147147113
S0263,中,54681504.42,网络诈骗,北京,46-55,本科,0.0061633281972265025,0.0034696278075983336,0.22539544771898343,0.027416040860701495,0.0010322722662577776
S0264,低,1277900.24,色情诈骗,深圳,26-35,高中,0.007704160246533128,0.006342012952606838,0.23856518545321506,0.034661627457010555,0.0016461163943664108
S0265,高,19173236.31,兼职诈骗,杭州,36-45,研究生及以上,0.0061633281972265025,0.002798666360401191,0.2105171275247254,0.015278873415433481,0.0015485987478958676
S0266,高,123978229.49,短信诈骗,重庆,46-55,研究生及以上,0.0,0.0,0.0,1.6962935102980798e-32,0.00023198267862666256
S0267,中,7051535.08,短信诈骗,上海,46-55,本科,0.0061633281972265025,0.004342070745324624,0.22150126237484066,0.025060394199972583,0.0014150391825995144
S0268,高,109320735.86,色情诈骗,深圳,26-35,高中,0.009244992295839754,0.007360112855923071,0.24098671177172515,0.04204810526569895,0.001995787811912381
S0269,中,22271057.87,兼职诈骗,南京,56+,高中,0.0061633281972265025,0.0031639897138624035,0.2203591107984836,0.020718402863491792,0.0017315302884910384
S0270,中,21551042.76,电话诈骗,重庆,26-35,高中,0.015408320493066256,0.020369301769339022,0.26412223045438354,0.12098770178961073,0.0030383156859470845
S0271,中,40399155.28,投资理财诈骗,武汉,18-25,本科,0.0061633281972265025,0.0032300321555766504,0.21975476630537844,0.020678298376188835,0.0016092118313082832
S0272,中,94477737.54,短信诈骗,杭州,56+,初中及以下,0.012326656394453005,0.013816314316413317,0.25899985992435914,0.07520836862217553,0.0022283227684968664
S0273,高,180548525.86,网络诈骗,杭州,56+,初中及以下,0.0015408320493066256,0.0,0.19192354889604457,0.007361955912318019,0.0004155883035267269
S0274,高,51340348.64,电话诈骗,南京,46-55,大专,0.01078582434514638,0.011082210491872994,0.2440139525362729,0.04978008330926552,0.0023090615840953774
S0275,低,22659151.59,短信诈骗,北京,18-25,研究生及以上,0.007704160246533128,0.0036494662727976574,0.22836646003305625,0.03773666640947135,0.00163550691587658
S0276,中,62371395.28,投资理财诈骗,重庆,56+,大专,0.012326656394453005,0.012592144212451483,0.2430886057310538,0.05020671834727716,0.0019998623952530185
S0277,中,6993511.3,网络诈骗,广州,46-55,高中,0.007704160246533128,0.004359583216381813,0.2246056949238924,0.02330170433907543,0.0017269414044951796
S0278,中,24390015.4,色情诈骗,重庆,26-35,初中及以下,0.0030816640986132513,0.0005741663810939061,0.19957180987322193,0.0093927135236174,0.000932134754429118
S0279,中,35052675.75,色情诈骗,杭州,56+,高中,0.007704160246533128,0.005183592617792087,0.24272042912260086,0.0472783288129559,0.0014454240338439728
S0280,高,203766358.44,兼职诈骗,上海,56+,本科,0.007704160246533128,0.004933236665573356,0.2378570142162482,0.041914823126306226,0.0015370302552688668
S0281,中,91849446.13,色情诈骗,上海,46-55,大专,0.0061633281972265025,0.004157014027429914,0.2353247625964717,0.04376294068477812,0.0015434603379614993
S0282,中,3713591.05,兼职诈骗,苏州,36-45,研究生及以上,0.01386748844375963,0.016260946564693676,0.25795760696691705,0.08058063974843625,0.0025828618406733925
S0283,低,12222746.03,投资理财诈骗,杭州,56+,大专,0.0061633281972265025,0.004293582337058639,0.22188461519999617,0.02118962004277008,0.00150619506234107
S0284,高,62070068.36,兼职诈骗,深圳,56+,本科,0.007704160246533128,0.0059124412599184115,0.24419986792868148,0.049355098688844336,0.0013517250436264946
S0285,中,35005507.8,电话诈骗,深圳,26-35,高中,0.007704160246533128,0.005641025434215857,0.21915372762830387,0.022394564199885024,0.0018462701633580561
S0286,高,142667216.52,投资理财诈骗,重庆,18-25,大专,0.01078582434514638,0.010207143520086339,0.24569745240045568,0.049700929034761664,0.0022486277728393468
S0287,高,91851468.07,网络诈骗,重庆,56+,高中,0.0061633281972265025,0.004089472332253067,0.21619718492842793,0.018934972153767368,0.0014125481114202615
S0288,低,16345020.34,投资理财诈骗,深圳,18-25,本科,0.004622496147919877,0.001439060815674701,0.2232757413141027,0.02653957800410401,0.0011182419283796857
S0289,高,105934220.79,色情诈骗,南京,56+,本科,0.004622496147919877,0.0013310109484751561,0.21453301650361073,0.01561244390838131,0.0009584003235163036
S0290,高,75949786.53,网络诈骗,重庆,26-35,初中及以下,0.009244992295839754,0.0073146123048008155,0.23689011578447483,0.03854279559655269,0.0019278221877555434
S0291,低,8362641.26,电话诈骗,杭州,46-55,高中,0.009244992295839754,0.010028527740028591,0.24144054738711446,0.044675663099977204,0.002143735534133065
S0292,中,70041352.4,投资理财诈骗,苏州,26-35,初中及以下,0.007704160246533128,0.006174080034999517,0.24017409266121725,0.05227066051837344,0.0015384038620693539
S0293,高,28660215.93,电话诈骗,杭州,18-25,大专,0.0030816640986132513,0.0005894691435882968,0.20578640555787764,0.011382826314206382,0.000623572012757329
S0294,低,94089519.88,网络诈骗,苏州,56+,初中及以下,0.009244992295839754,0.00708984790999181,0.2429043779131447,0.04850458698247,0.0014525177331380919
S0295,高,22815847.59,短信诈骗,重庆,18-25,研究生及以上,0.0061633281972265025,0.003487966599454428,0.23575750397675208,0.044524177728286804,0.0017063288886855332
S0296,中,15762960.43,色情诈骗,成都,26-35,大专,0.007704160246533128,0.0040328810140271105,0.23116648154085426,0.03357134611202405,0.002005026988610752
S0297,中,17812441.07,兼职诈骗,苏州,18-25,初中及以下,0.0015408320493066256,0.0,0.17702973027141367,0.003958627112068353,0.0007101961641023408
S0298,高,440253806.17,投资理财诈骗,广州,46-55,高中,0.009244992295839754,0.008057629840965174,0.242996456904014,0.047724441471358445,0.0014074330993932508
S0299,中,39127826.12,投资理财诈骗,武汉,56+,初中及以下,0.007704160246533128,0.004606324385341269,0.22918292932169784,0.030256333762248455,0.0015177481953190604
S0300,中,42490516.67,网络诈骗,武汉,18-25,大专,0.004622496147919877,0.0019275479650244253,0.21431783795145065,0.017203497002866486,0.0010338773596607303
S0301,中,11884968.49,投资理财诈骗,上海,46-55,研究生及以上,0.007704160246533128,0.006203252718674778,0.23990443612005574,0.040125052677449174,0.001842398528694289
S0302,高,528901880.4,兼职诈骗,武汉,26-35,大专,0.012326656394453005,0.014673716364540308,0.2510868207257301,0.06167093448308588,0.00208700204981907
S0303,中,10227770.02,色情诈骗,上海,46-55,高中,0.01848998459167951,0.02542367602667133,0.2656546428979647,0.12148028725039478,0.0031484448274358406
S0304,中,9623824.36,短信诈骗,上海,46-55,本科,0.0030816640986132513,0.00030538197126395487,0.17625093574726117,0.0035804584650009,0.0010919610107214808
S0305,高,73799174.68,网络诈骗,苏州,26-35,初中及以下,0.004622496147919877,0.0015621252592871028,0.21960419777759127,0.021645624537657414,0.0013030223369773894
S0306,低,16071684.56,投资理财诈骗,北京,46-55,本科,0.0061633281972265025,0.003468731346185216,0.23403601800393897,0.04488473724856691,0.0014674376650095822
S0307,中,13256803.91,短信诈骗,武汉,56+,本科,0.012326656394453005,0.014963945056426163,0.2516783091137766,0.06843958289692495,0.002014610872461067
S0308,低,8305491.82,投资理财诈骗,北京,18-25,研究生及以上,0.009244992295839754,0.010570661166091944,0.25467805058116366,0.07074728690529036,0.0018876856663324704
S0309,高,149030887.97,网络诈骗,杭州,46-55,本科,0.012326656394453005,0.01404935633588348,0.25177716155254865,0.07170496508241975,0.0019762567453527136
S0310,中,16633034.59,色情诈骗,深圳,18-25,高中,0.009244992295839754,0.006013315422880489,0.23601791359086483,0.042719382146528755,0.0018671917548219149
S0311,中,7108264.27,网络诈骗,成都,18-25,大专,0.0061633281972265025,0.004037684682220442,0.2261907739282953,0.027817598257814147,0.0013403599600515137
S0312,低,3348287.32,色情诈骗,苏州,26-35,本科,0.01078582434514638,0.009068277963996802,0.25010716087116225,0.07811418822076058,0.001865393817197571
S0313,低,17255112.97,色情诈骗,杭州,46-55,高中,0.0030816640986132513,0.0003367969516032062,0.20337076564492035,0.013205728035317414,0.0008042082375826466
S0314,中,19437461.44,网络诈骗,重庆,26-35,研究生及以上,0.004622496147919877,0.00199578107080624,0.20996549404283946,0.013732117139373091,0.0011021313053283985
S0315,中,58332000.44,投资理财诈骗,成都,56+,大专,0.007704160246533128,0.005379537141347142,0.23301514115332203,0.03259268112678355,0.001521098225048811
S0316,高,120355651.62,电话诈骗,广州,26-35,本科,0.012326656394453005,0.014401627411334066,0.2581653859495726,0.08174793000864526,0.002407022442124768
S0317,中,37372685.45,兼职诈骗,南京,18-25,本科,0.01078582434514638,0.009801125759028641,0.23636602260796052,0.04326657336184276,0.0022814274326308105
S0318,中,67166300.87,网络诈骗,南京,56+,本科,0.0061633281972265025,0.0030945719946807245,0.21438951615812338,0.01971495216193859,0.001232620065731994
S0319,中,11388409.94,兼职诈骗,上海,56+,高中,0.0061633281972265025,0.00401305593878868,0.22319799906434154,0.02599236269743026,0.0018161633926378569
S0320,中,24348862.28,投资理财诈骗,深圳,26-35,研究生及以上,0.007704160246533128,0.004734029679367149,0.22942900977551497,0.028105487527643386,0.0014164178383803783
S0321,高,19710712.44,色情诈骗,上海,46-55,大专,0.009244992295839754,0.006993433669237224,0.23472158671284837,0.034467407733461436,0.002124651518072417
S0322,中,60197965.68,兼职诈骗,广州,26-35,高中,0.012326656394453005,0.012876155903379741,0.25197509957263714,0.05505825374776952,0.0020626929049206077
S0323,高,340476350.89,网络诈骗,苏州,36-45,初中及以下,0.0015408320493066256,0.0,0.18532080176721275,0.00559176751353663,0.0006038207843923533
S0324,高,59833415.93,网络诈骗,广州,46-55,初中及以下,0.01078582434514638,0.010215032835955483,0.24550925059854037,0.05013431146581092,0.0023047322606162676
S0325,中,7123585.66,投资理财诈骗,深圳,46-55,高中,0.0061633281972265025,0.0042961011540178775,0.23309987393192325,0.029102563035340628,0.001944870509977387
S0326,高,164562799.78,投资理财诈骗,广州,36-45,本科,0.004622496147919877,0.001556633384512134,0.22319799906434154,0.02307879418900592,0.0011575724430967836
S0327,中,22010235.4,兼职诈骗,苏州,26-35,大专,0.0030816640986132513,0.0004361303650220673,0.19561326008934662,0.007504226517705782,0.0008971661275040287
S0328,中,10333620.16,色情诈骗,杭州,26-35,高中,0.004622496147919877,0.0013572905579778913,0.2202833860181405,0.02226329402551945,0.0014216265097421075
S0329,高,14269460.74,电话诈骗,上海,56+,研究生及以上,0.009244992295839754,0.006554292374043785,0.2341214950010186,0.03407762422898852,0.00184500822347691
S0330,高,185640450.84,兼职诈骗,深圳,18-25,大专,0.007704160246533128,0.004891281047350788,0.23158405105230812,0.035415471915124744,0.0014395751618451306
S0331,高,65414313.69,兼职诈骗,重庆,46-55,高中,0.009244992295839754,0.0066089308696255546,0.23610484468242685,0.04148443813816387,0.0015871929803525514
S0332,中,303727601.87,投资理财诈骗,上海,36-45,初中及以下,0.0061633281972265025,0.004985854472793154,0.21877974515794843,0.020958264088330278,0.0013336699990413557
S0333,中,24303368.07,电话诈骗,北京,18-25,初中及以下,0.01078582434514638,0.00942289408919765,0.2540723952884617,0.06831415119609408,0.0017835083609383752
S0334,中,92191147.38,网络诈骗,北京,26-35,本科,0.0030816640986132513,0.0007989332328918782,0.21331935218395637,0.015904141029089644,0.000918122379524681
S0335,高,91472081.57,投资理财诈骗,武汉,56+,本科,0.0061633281972265025,0.005080675640676294,0.23033584380624825,0.036960813620604084,0.00177965754420207
S0336,中,27965896.79,电话诈骗,武汉,36-45,初中及以下,0.0061633281972265025,0.004876854437222151,0.21900398131629273,0.029464602657782207,0.0017021779844638332
S0337,中,34114208.81,短信诈骗,杭州,46-55,初中及以下,0.007704160246533128,0.0054378150520606175,0.23041863886153446,0.027816142218000706,0.0016762313853449099
S0338,中,15553597.44,兼职诈骗,武汉,18-25,大专,0.0061633281972265025,0.0028984574698412238,0.2277174612123584,0.026162470043213433,0.0011898184086837293
S0339,中,29215398.2,网络诈骗,杭州,46-55,研究生及以上,0.009244992295839754,0.0108698358956252,0.23981468511514736,0.03981119843100784,0.0022896319390232484
S0340,中,36302596.62,色情诈骗,深圳,36-45,本科,0.009244992295839754,0.0072567924570425294,0.24080565488835046,0.043928070753487466,0.0018270247663541123
S0341,中,11597607.73,短信诈骗,重庆,56+,研究生及以上,0.0,0.0,0.0,1.6962935102980798e-32,0.00023198267862666256
S0342,中,56506890.23,电话诈骗,南京,46-55,初中及以下,0.004622496147919877,0.0020442509014489125,0.2123301269668065,0.01438478815561908,0.0008415090378200296
S0343,高,121266197.74,电话诈骗,上海,36-45,初中及以下,0.0030816640986132513,0.0004368218748961201,0.18859213101288286,0.006068120023623691,0.001040361578103428
S0344,高,245185703.28,投资理财诈骗,成都,18-25,初中及以下,0.007704160246533128,0.005039184861164688,0.24429293190273968,0.05406973199892524,0.0013067473290060399
S0345,中,17360397.37,电话诈骗,南京,56+,研究生及以上,0.0061633281972265025,0.0026919851332205557,0.2246056949238924,0.02595012335729722,0.0012082985975708262
S0346,低,27852916.11,投资理财诈骗,上海,36-45,高中,0.0061633281972265025,0.004900099075036932,0.2325923996055112,0.029569704903820306,0.0013822394626131448
S0347,中,11622009.08,投资理财诈骗,重庆,18-25,高中,0.007704160246533128,0.00439490363956278,0.2309998750676717,0.030393926453737525,0.0016072054850250958
S0348,低,1541476.85,色情诈骗,深圳,56+,本科,0.0030816640986132513,0.0003564590543133029,0.2051935509964113,0.014451414388581614,0.0005908146392563044
S0349,高,89860970.84,短信诈骗,重庆,18-25,本科,0.01078582434514638,0.011344144295571512,0.24336547202459716,0.048031756817167155,0.00209995715334416
S0350,低,24899177.06,电话诈骗,杭州,56+,研究生及以上,0.0061633281972265025,0.003580386453468871,0.2211192319119658,0.02993999477774564,0.0013419099222426669
S0351,低,15984080.37,投资理财诈骗,南京,36-45,初中及以下,0.007704160246533128,0.0037065602669538464,0.2341214950010186,0.040780292260429035,0.001538680365416653
S0352,低,54501044.99,兼职诈骗,上海,26-35,研究生及以上,0.0015408320493066256,0.0,0.1701233156350289,0.002109060441875068,0.0007898269387053827
S0353,中,9990279.77,投资理财诈骗,南京,36-45,研究生及以上,0.01078582434514638,0.007430626178387538,0.23008781525943606,0.03458191211633411,0.0028160774747634718
S0354,中,31752482.91,短信诈骗,南京,36-45,研究生及以上,0.009244992295839754,0.008793441953055972,0.24253675872598898,0.03935166796806508,0.001987593926520456
S0355,高,179973438.75,兼职诈骗,武汉,26-35,高中,0.0015408320493066256,0.0,0.20578640555787764,0.014843247345236966,0.0006255318046056548
S0356,高,81116281.29,网络诈骗,杭州,36-45,初中及以下,0.0061633281972265025,0.002978117655545588,0.2288556420252727,0.03255304849453262,0.0011599723585634797
S0357,高,84426016.39,电话诈骗,成都,26-35,研究生及以上,0.0061633281972265025,0.0037715574887145394,0.23480756531603988,0.03251972227934799,0.0012283157045649817
S0358,中,27120239.4,短信诈骗,上海,18-25,研究生及以上,0.004622496147919877,0.0018231337158974117,0.22667066948825632,0.02541143016175517,0.0007210185694551942
S0359,中,109355580.69,电话诈骗,南京,46-55,初中及以下,0.0030816640986132513,0.0006098032372428878,0.20120045615592871,0.009959445407954456,0.0008919850976584374
S0360,高,71803808.94,网络诈骗,上海,56+,初中及以下,0.0061633281972265025,0.003558354778666573,0.22951115406830966,0.028155517510716578,0.0016474056592085413
S0361,中,62299348.74,色情诈骗,武汉,36-45,研究生及以上,0.007704160246533128,0.006533017465266341,0.23759253273268677,0.037572425901622665,0.0019741816583629486
S0362,高,106286959.24,兼职诈骗,深圳,46-55,高中,0.0061633281972265025,0.003418480637138843,0.2341214950010186,0.031896796310860696,0.0017825170604079906
S0363,低,2014252.87,兼职诈骗,南京,56+,高中,0.0030816640986132513,0.0003630112053214625,0.21072473810413836,0.015131247603225165,0.0005963988998032195
S0364,中,141869211.74,投资理财诈骗,成都,56+,本科,0.0061633281972265025,0.003288534936900691,0.2285292881685522,0.030234840012050696,0.0013460680912127665
S0365,中,34013469.28,短信诈骗,武汉,56+,高中,0.004622496147919877,0.0011233585070351238,0.20975937608402778,0.019172981106595547,0.0009231498552125253
S0366,中,96836497.98,投资理财诈骗,武汉,26-35,高中,0.0015408320493066256,0.0,0.18320224444492395,0.004857591643961873,0.0003435584554938431
S0367,中,12248053.04,兼职诈骗,重庆,56+,本科,0.004622496147919877,0.001546956074629369,0.2102409489382712,0.012279941692665877,0.0008999791229573496
S0368,中,48598575.13,兼职诈骗,深圳,18-25,初中及以下,0.0061633281972265025,0.0030346964653683276,0.2170757376609512,0.01791589496228505,0.0014124872767040141
S0369,高,106795585.33,短信诈骗,成都,46-55,研究生及以上,0.004622496147919877,0.0013936785853614789,0.2081924824010357,0.01375955862700601,0.0013722409860860497
S0370,高,16867606.16,色情诈骗,深圳,46-55,大专,0.007704160246533128,0.005164955847952128,0.2345498182630036,0.03656249869803779,0.0017779094324998478
S0371,中,44767845.11,电话诈骗,上海,36-45,研究生及以上,0.0061633281972265025,0.005862694841179905,0.2377687883207674,0.037892468787503145,0.001098738771715898
S0372,中,8339625.31,色情诈骗,南京,56+,初中及以下,0.0061633281972265025,0.0026189279028761402,0.21360368320985967,0.018731099671351892,0.0016016551610579784
S0373,低,7298556.35,兼职诈骗,杭州,46-55,初中及以下,0.004622496147919877,0.0019129943491434673,0.216928816687915,0.02079000162583742,0.0010932749193436893
S0374,中,56062025.44,兼职诈骗,深圳,26-35,本科,0.01078582434514638,0.010626462909466321,0.25187609167496616,0.06357796170403568,0.002546547331611829
S0375,高,50230813.47,投资理财诈骗,武汉,18-25,本科,0.01078582434514638,0.009785978842666545,0.24513371063586573,0.0539815085371563,0.0016962159833242918
S0376,高,24325963.87,投资理财诈骗,重庆,46-55,大专,0.004622496147919877,0.0017793418474190052,0.22611098882285321,0.026522810019440204,0.0011316409951395846
S0377,高,22682788.38,网络诈骗,南京,46-55,初中及以下,0.009244992295839754,0.008409368984700549,0.2421702505904,0.052826027310433385,0.0020836871034195046
S0378,中,4764492.83,短信诈骗,深圳,26-35,高中,0.009244992295839754,0.00821837490050143,0.2473088940249957,0.0543046035538583,0.0015745249551933774
S0379,中,8881336.17,短信诈骗,苏州,26-35,大专,0.004622496147919877,0.0015883963988723787,0.21086337280025952,0.014942871043889621,0.0009231612040523938
S0380,低,3683251.51,兼职诈骗,重庆,26-35,本科,0.009244992295839754,0.00836055714105928,0.2394563516297306,0.04849278950369542,0.0016342244304319421
S0381,中,29761883.06,兼职诈骗,上海,56+,大专,0.0061633281972265025,0.0028819773052877634,0.2142462076580177,0.01669094697242547,0.001768229822905881
S0382,中,348378693.45,兼职诈骗,武汉,18-25,大专,0.009244992295839754,0.008765317129160597,0.2411680411259552,0.04456877801326443,0.0014728249990504825
S0383,中,17999864.5,网络诈骗,苏州,18-25,初中及以下,0.01386748844375963,0.015162292841219047,0.25994511488758676,0.09087684877606264,0.0027010313805660375
S0384,低,56172138.46,兼职诈骗,上海,46-55,高中,0.007704160246533128,0.004490045745866412,0.22257800462249616,0.02350267258501131,0.0015117179272033756
S0385,中,41972653.37,电话诈骗,南京,26-35,初中及以下,0.007704160246533128,0.004276081334771796,0.2328458602661783,0.03474355582759884,0.0013844785790116357
S0386,中,137969699.45,兼职诈骗,上海,18-25,高中,0.004622496147919877,0.0016519983955108053,0.2116291361217527,0.015259480427339765,0.001196432046057263
S0387,高,58421197.5,色情诈骗,武汉,46-55,大专,0.009244992295839754,0.007245333500952937,0.2429043779131447,0.044705846056966925,0.001962841341693649
S0388,中,101187251.33,短信诈骗,北京,56+,本科,0.0030816640986132513,0.0006691847234115964,0.20388824850915677,0.01239263539297295,0.0008692162617522912
S0389,中,73196534.85,兼职诈骗,南京,46-55,本科,0.007704160246533128,0.005500338738674593,0.23515211053293797,0.036571310961887274,0.001609950566155697
S0390,高,148384949.74,兼职诈骗,成都,26-35,本科,0.012326656394453005,0.013791793772031323,0.24845916795069337,0.05155229905707999,0.0024664775546348995
S0391,中,79903495.98,网络诈骗,重庆,46-55,大专,0.015408320493066256,0.01607727159225863,0.25920932200274516,0.08477546717484467,0.00275204767646528
S0392,高,61131043.41,投资理财诈骗,苏州,18-25,大专,0.004622496147919877,0.0018168832945175551,0.22005652362265324,0.019907709229305584,0.0010791817202751987
S0393,中,37002306.17,投资理财诈骗,成都,46-55,研究生及以上,0.012326656394453005,0.010733606028792395,0.24134964356656208,0.05254778885261144,0.00319479327255951
S0394,中,7841513.39,网络诈骗,武汉,26-35,高中,0.007704160246533128,0.004833399169450727,0.2243698471518337,0.025770843476995358,0.0015216919629986534
S0395,中,9668850.32,短信诈骗,广州,36-45,高中,0.007704160246533128,0.005114613849093992,0.22739434314040044,0.02978826603332416,0.001722945852718185
S0396,高,81744771.3,色情诈骗,北京,46-55,初中及以下,0.01078582434514638,0.009534121043913237,0.24749986614393393,0.06279476469295953,0.0016856227315762515
S0397,高,256450369.97,短信诈骗,杭州,46-55,大专,0.004622496147919877,0.0016564422362550543,0.21324838766227175,0.015952439610441998,0.0011953031388553473
S0398,低,4975555.45,投资理财诈骗,苏州,18-25,研究生及以上,0.01078582434514638,0.0091231829258544,0.24189609558973166,0.05292743022470584,0.002111530764107036
S0399,低,34737890.05,投资理财诈骗,南京,26-35,大专,0.007704160246533128,0.0037432636815520628,0.22382145716228663,0.0252158155630481,0.0010236598191542034
S0400,高,276773377.87,短信诈骗,杭州,18-25,大专,0.0015408320493066256,0.0,0.1903845124184107,0.007145358442944205,0.0004891104567506802
S0401,中,58988529.06,色情诈骗,杭州,36-45,研究生及以上,0.0030816640986132513,0.0005177259619635353,0.20025762365285502,0.010716157126647924,0.0010895237545411498
S0402,中,45764383.96,网络诈骗,深圳,26-35,大专,0.0015408320493066256,0.0,0.18113157765266713,0.0037600662689957157,0.00037519812088527725
S0403,中,8756298.9,电话诈骗,南京,36-45,本科,0.007704160246533128,0.004372830584965894,0.22563345769545542,0.029080388808265294,0.001351195032388976
S0404,中,97601067.04,电话诈骗,杭州,46-55,高中,0.0030816640986132513,0.0006958108741772897,0.21670880774604084,0.02205308844958558,0.0010493455972983706
S0405,高,37546202.2,网络诈骗,广州,26-35,高中,0.0015408320493066256,0.0,0.19495883616569004,0.009558425308652694,0.00034192771785371544
S0406,中,21911271.18,色情诈骗,北京,56+,本科,0.012326656394453005,0.014871026066245357,0.25437486242570984,0.06745860721988801,0.002051758100839366
S0407,中,34317666.0,投资理财诈骗,上海,26-35,大专,0.01078582434514638,0.015512486321982741,0.2411680411259552,0.041958125043313456,0.0026354600911436916
S0408,中,37835749.94,投资理财诈骗,苏州,18-25,本科,0.012326656394453005,0.010211610378373356,0.24855550729460602,0.06251999014369305,0.002729189129516413
S0409,高,39712332.0,短信诈骗,深圳,26-35,初中及以下,0.0061633281972265025,0.003150574190835803,0.22555406520506294,0.024264705849510713,0.0013440033046952442
S0410,高,143794939.08,兼职诈骗,广州,18-25,研究生及以上,0.0061633281972265025,0.002579563009309013,0.2313333285141786,0.03836975119170102,0.0014215106517590874
S0411,中,46540468.64,网络诈骗,苏州,18-25,大专,0.01078582434514638,0.00847316174454844,0.23918830347492123,0.04680959577376238,0.0019828228143717866
S0412,高,82345733.23,电话诈骗,广州,18-25,大专,0.004622496147919877,0.000642761869889233,0.21065548909391682,0.02705746547143524,0.001004965644268725
S0413,高,45219440.32,色情诈骗,南京,46-55,研究生及以上,0.004622496147919877,0.0007974332625323167,0.21803559636489417,0.025740856166273016,0.0009944924739999886
S0414,中,10580809.02,短信诈骗,广州,36-45,本科,0.0061633281972265025,0.0032312185167568826,0.2249209309869435,0.025716291902752115,0.0013989169082290584
S0415,高,44045888.83,色情诈骗,苏州,18-25,大专,0.012326656394453005,0.011897573271302237,0.24550925059854037,0.05144881501791083,0.0024685818023777286
S0416,低,10295493.8,短信诈骗,重庆,36-45,初中及以下,0.0061633281972265025,0.0020873513665754305,0.21641615574368295,0.021117707166770482,0.00129230770467238
S0417,低,11449695.12,网络诈骗,苏州,18-25,本科,0.007704160246533128,0.006540004037636239,0.24749986614393393,0.05422795668414013,0.001756701613796632
S0418,中,38552681.66,投资理财诈骗,武汉,56+,研究生及以上,0.0030816640986132513,0.0004357527170401677,0.19055429646634628,0.006064309739518211,0.0007756063640427482
S0419,高,12069144.27,色情诈骗,杭州,36-45,初中及以下,0.012326656394453005,0.012502854043440847,0.24336547202459716,0.04727123837740918,0.002198731343170405
S0420,高,112074075.87,色情诈骗,成都,46-55,大专,0.0061633281972265025,0.0025431732535667337,0.22603125998335294,0.030999812455894067,0.0012171077427582191
S0421,低,16901637.37,色情诈骗,南京,18-25,研究生及以上,0.0030816640986132513,0.0006489879605591392,0.19140777943051326,0.006118241203646461,0.0010848842500081504
S0422,低,27064780.07,色情诈骗,广州,36-45,高中,0.01078582434514638,0.011167343097788563,0.2496201920999957,0.04965685225293085,0.002220263763023968
S0423,中,9696611.2,兼职诈骗,广州,46-55,初中及以下,0.007704160246533128,0.005131952700054443,0.2374165382639959,0.038317266322174,0.0016350718416329993
S0424,中,72515509.99,网络诈骗,成都,46-55,大专,0.004622496147919877,0.0015607239298069822,0.21641615574368295,0.021355510054180068,0.001212373683700757
S0425,低,13312176.69,兼职诈骗,苏州,46-55,本科,0.01078582434514638,0.00881215885616823,0.24392110095616015,0.04725246406708872,0.0023286572640607746
S0426,中,89905212.57,网络诈骗,广州,26-35,本科,0.0061633281972265025,0.0023644056009234906,0.22150126237484066,0.02395297474289703,0.0016252679617341104
S0427,中,165668381.27,投资理财诈骗,成都,56+,大专,0.007704160246533128,0.00456261649424588,0.23008781525943606,0.03157289694546788,0.0014915567527726836
S0428,高,246108245.93,投资理财诈骗,深圳,46-55,研究生及以上,0.0061633281972265025,0.003075697098938662,0.21656238287594218,0.018483902485552196,0.0016960119415950917
S0429,低,4495598.17,短信诈骗,苏州,18-25,初中及以下,0.009244992295839754,0.008761290740400704,0.23892085475690977,0.043195534506395614,0.0017823011122722798
S0430,高,26048907.15,色情诈骗,南京,18-25,高中,0.01386748844375963,0.01754813545871468,0.25920932200274516,0.07164051903588978,0.002717890322356655
S0431,中,17920418.09,短信诈骗,重庆,18-25,初中及以下,0.007704160246533128,0.004706446513906682,0.23091666185619195,0.028681653694096733,0.0019291015308322318
S0432,中,31838397.57,网络诈骗,广州,36-45,研究生及以上,0.0030816640986132513,0.0008420325519875264,0.21268236672620733,0.017006321710576745,0.0009497114819552374
S0433,中,86520272.33,网络诈骗,北京,36-45,本科,0.0030816640986132513,0.000400494937092702,0.20421301475399453,0.011870049881967047,0.0009443160227925548
S0434,高,702450459.88,电话诈骗,苏州,56+,研究生及以上,0.01386748844375963,0.014171097259854604,0.2535698786838564,0.0852527545597789,0.003132283363478921
S0435,中,5065928.1,色情诈骗,成都,18-25,研究生及以上,0.004622496147919877,0.001914121253834923,0.2103789475919885,0.015101434065213356,0.001249555696668947
S0436,高,74134654.04,网络诈骗,武汉,56+,大专,0.0030816640986132513,0.0009112934301965578,0.21510894406469425,0.021061083981541866,0.00048058498772908124
S0437,低,7122559.92,短信诈骗,广州,36-45,研究生及以上,0.009244992295839754,0.007092187257452049,0.2378570142162482,0.03659674194638567,0.0020990635345175283
S0438,低,11803446.92,兼职诈骗,北京,46-55,大专,0.0030816640986132513,0.0004917207777735029,0.20558840709197845,0.011277799917277915,0.0006204225435255059
S0439,中,43156648.31,投资理财诈骗,北京,56+,高中,0.0030816640986132513,0.0005971389818270893,0.2100342900762742,0.014886162424752733,0.0007344090782092765
S0440,低,18316871.29,电话诈骗,杭州,18-25,大专,0.0061633281972265025,0.0024716772380281075,0.22180783851653596,0.020603250103444735,0.0011936932349153931
S0441,高,148644963.17,网络诈骗,深圳,26-35,高中,0.01078582434514638,0.009412221704419821,0.2431808244737439,0.04305019680836308,0.002376153953555401
S0442,高,112846724.86,色情诈骗,北京,46-55,高中,0.007704160246533128,0.005112392332441012,0.23567082842381942,0.036293183956463616,0.001480132378412906
S0443,高,204975814.88,网络诈骗,北京,46-55,高中,0.004622496147919877,0.0015391393066290313,0.2253162226055497,0.027049692196108456,0.0011155563603519074
S0444,中,297914940.05,网络诈骗,苏州,26-35,研究生及以上,0.0030816640986132513,0.000809596983863149,0.21317747034013598,0.021235247214264365,0.0007188749615597771
S0445,中,107113062.38,电话诈骗,上海,36-45,初中及以下,0.0061633281972265025,0.0025834667713694618,0.23549766837354477,0.038521826999516014,0.0009496017956067881
S0446,中,5834136.68,投资理财诈骗,广州,46-55,大专,0.009244992295839754,0.0074175839516159945,0.242996456904014,0.05200894621600174,0.001992500460976029
S0447,中,119081573.53,色情诈骗,武汉,26-35,初中及以下,0.01078582434514638,0.011057973352079361,0.24942593514116299,0.05515925082858606,0.0018995811219479995
S0448,中,37135716.35,投资理财诈骗,广州,36-45,初中及以下,0.004622496147919877,0.00293577522266036,0.20765294891894684,0.013008954685746638,0.0008456855683419216
S0449,高,146805866.97,色情诈骗,北京,18-25,初中及以下,0.01386748844375963,0.013763959277380767,0.25397173269127926,0.08176845182655952,0.0024537998829204386
S0450,高,54325633.62,兼职诈骗,南京,36-45,高中,0.0061633281972265025,0.003234591740482262,0.22611098882285321,0.02918991480083986,0.0009654109559578708
S0451,中,35829540.25,色情诈骗,重庆,46-55,本科,0.007704160246533128,0.005675743197499825,0.24522748787788404,0.058762042804415514,0.0014610003179610558
S0452,中,14771788.34,短信诈骗,广州,46-55,本科,0.007704160246533128,0.006732509577259335,0.242996456904014,0.04146320251056937,0.0013934513463517532
S0453,低,1785662.71,电话诈骗,成都,46-55,本科,0.0015408320493066256,0.0,0.17960903707279038,0.0039693407280041275,0.0003759642526524102
S0454,中,16519194.4,电话诈骗,武汉,46-55,研究生及以上,0.007704160246533128,0.005883004357572189,0.23395060339882806,0.03326682012115801,0.0017522666854165375
S0455,中,28310826.98,电话诈骗,上海,46-55,大专,0.007704160246533128,0.004237081592042115,0.23108314827425697,0.033976068925108883,0.001776848570976715
S0456,中,50819620.04,短信诈骗,北京,18-25,研究生及以上,0.0030816640986132513,0.0005252573951926229,0.19882898675954988,0.011470630250812039,0.0006939010382455914
S0457,中,43361978.77,色情诈骗,北京,46-55,初中及以下,0.0061633281972265025,0.0041281210742988884,0.22515793934414785,0.02443951775382387,0.001362357018317376
S0458,高,210391032.28,兼职诈骗,武汉,36-45,大专,0.004622496147919877,0.00195316344523623,0.22893737618313886,0.03196558670374287,0.0011248992275453376
S0459,低,7118604.08,色情诈骗,重庆,36-45,高中,0.0015408320493066256,0.0,0.16249040641642304,0.0012369162029597792,0.0009167164508719343
S0460,中,29609641.22,兼职诈骗,杭州,26-35,研究生及以上,0.01078582434514638,0.010573199621292946,0.24053457910423598,0.04804202895613685,0.002626308266380534
S0461,低,2705646.53,短信诈骗,苏州,46-55,高中,0.009244992295839754,0.008548007745503121,0.2435504001948286,0.06265039411740879,0.0017355341834609929
S0462,低,2575213.37,网络诈骗,深圳,18-25,研究生及以上,0.01078582434514638,0.011696192653095154,0.24607472296076346,0.049201953574019415,0.0018001249321612412
S0463,低,153242552.63,兼职诈骗,南京,56+,大专,0.0061633281972265025,0.0025940927023865292,0.21922867760355297,0.02675785341464425,0.0013210728938527956
S0464,低,1810299.08,短信诈骗,重庆,26-35,研究生及以上,0.0061633281972265025,0.003972275590905406,0.22405615285312439,0.025065121752721777,0.001345318314507711
S0465,高,55852438.78,投资理财诈骗,杭州,46-55,大专,0.01078582434514638,0.008575654880486913,0.24952302581268543,0.06293954304004064,0.0019412811222439662
S0466,中,20606761.53,短信诈骗,北京,46-55,研究生及以上,0.012326656394453005,0.014088235088427473,0.25559196703061754,0.07179210869815131,0.0022682773446147508
S0467,中,26907975.71,短信诈骗,北京,36-45,本科,0.007704160246533128,0.004727346881853735,0.23706533036715566,0.0436253725314541,0.001266918497475649
S0468,中,340996907.82,色情诈骗,成都,26-35,大专,0.007704160246533128,0.004051025929218328,0.22257800462249616,0.02519790536890243,0.001841804521565918
S0469,高,41493905.16,网络诈骗,杭州,46-55,大专,0.0061633281972265025,0.003912792469581524,0.23515211053293797,0.03253686176893528,0.0010124983535733962
S0470,高,59436508.3,短信诈骗,杭州,26-35,大专,0.0030816640986132513,0.0006223907640134548,0.20330626492635231,0.012600540882438728,0.0005575254653268596
S0471,中,19149255.36,色情诈骗,苏州,46-55,研究生及以上,0.01078582434514638,0.010319732382610155,0.24062486986215798,0.04591013702258598,0.00190566746456157
S0472,中,31458727.72,投资理财诈骗,成都,26-35,本科,0.007704160246533128,0.006245566081163275,0.2390990873975341,0.040256854261687715,0.001682238380789934
S0473,低,11222019.16,投资理财诈骗,深圳,26-35,本科,0.0030816640986132513,0.00039478878948206363,0.19448563510703548,0.008325368434878081,0.0008718748981970777
S0474,高,127048498.3,网络诈骗,武汉,36-45,大专,0.0030816640986132513,0.0004062178869931537,0.19597207377339923,0.008542227827145862,0.0009584617703051801
S0475,低,43024572.36,兼职诈骗,上海,46-55,大专,0.007704160246533128,0.0034562431017653166,0.23689011578447483,0.04460728472692544,0.0013555288314179242
S0476,中,14385314.88,投资理财诈骗,苏州,56+,大专,0.009244992295839754,0.00633481719502269,0.22918292932169784,0.030233306875855057,0.002174822132610262
S0477,高,212016272.52,短信诈骗,南京,36-45,大专,0.0061633281972265025,0.0038259889702564388,0.2353247625964717,0.04277120974936022,0.0010974024526008818
S0478,高,53860750.95,色情诈骗,苏州,26-35,研究生及以上,0.004622496147919877,0.0040945115451289675,0.2051935509964113,0.011388185285573104,0.0011733309830506365
S0479,高,71511415.43,色情诈骗,杭州,46-55,高中,0.0030816640986132513,0.0007243433058790017,0.1922689422053956,0.007006201914811429,0.0009579414945047252
S0480,中,97246933.51,短信诈骗,武汉,18-25,大专,0.0061633281972265025,0.004614611381922972,0.22877396620727652,0.03447298139161427,0.0016419002043051554
S0481,低,28566153.87,色情诈骗,苏州,36-45,初中及以下,0.009244992295839754,0.008041729471045745,0.24504000508898657,0.04909231540649291,0.002091735202305876
S0482,中,55190743.51,兼职诈骗,北京,56+,研究生及以上,0.009244992295839754,0.008678769402646783,0.2415315197109227,0.040452065656526454,0.0013356758875594668
S0483,中,66341303.69,网络诈骗,深圳,36-45,高中,0.007704160246533128,0.0035654079547222874,0.21339036395232652,0.01901913688242703,0.0020245597717905043
S0484,高,215575422.41,网络诈骗,上海,46-55,大专,0.009244992295839754,0.006502220431008996,0.23472158671284837,0.03464382313800565,0.00173642850440615
S0485,中,36763188.15,兼职诈骗,上海,56+,研究生及以上,0.007704160246533128,0.005906492504389006,0.24392110095616015,0.06107686480978279,0.0017240878924643418
S0486,高,57747983.47,色情诈骗,上海,18-25,高中,0.007704160246533128,0.007903670770499235,0.2430886057310538,0.05015783049388065,0.0013557699756779505
S0487,中,27618873.31,电话诈骗,重庆,56+,本科,0.01078582434514638,0.010562221167907114,0.24569745240045568,0.05367447557653589,0.001804278474373324
S0488,低,11960508.21,短信诈骗,武汉,36-45,研究生及以上,0.009244992295839754,0.0072150881349143945,0.23075041515939126,0.03340978721435351,0.001812218135406882
S0489,中,39245280.76,色情诈骗,杭州,56+,研究生及以上,0.004622496147919877,0.0015273051516743043,0.21183894689781524,0.014064404919980534,0.0012725240300506325
S0490,高,219968490.42,短信诈骗,成都,18-25,初中及以下,0.009244992295839754,0.0073957038347243955,0.24272042912260086,0.05587104563021901,0.0020137334500789535
S0491,中,28815877.99,投资理财诈骗,武汉,46-55,本科,0.01078582434514638,0.010009340038403853,0.23724080433485895,0.039179499470409336,0.0017852846242687763
S0492,中,98252958.83,色情诈骗,上海,46-55,本科,0.004622496147919877,0.0018485721204983064,0.21781333785687695,0.019742351817117844,0.0010530361112269316
S0493,中,55783656.88,投资理财诈骗,苏州,26-35,本科,0.004622496147919877,0.00149820611876658,0.20798982910862715,0.012397039386278053,0.0013156462403819992
S0494,中,5809702.45,色情诈骗,上海,26-35,高中,0.01078582434514638,0.014239353904497064,0.2547792739716967,0.05839561221816176,0.0021702343746925383
S0495,中,17129450.41,网络诈骗,北京,26-35,研究生及以上,0.009244992295839754,0.005284057632218121,0.2309998750676717,0.03770591296040377,0.0016291583171982704
S0496,高,14189283.7,色情诈骗,南京,18-25,高中,0.007704160246533128,0.004535812466856245,0.23472158671284837,0.03772674300327369,0.0019651664890847284
S0497,中,53383263.12,兼职诈骗,成都,18-25,大专,0.0030816640986132513,0.0003471198526709605,0.21590591219696492,0.03102760568260674,0.0009356187422502497
S0498,高,55532607.35,短信诈骗,上海,46-55,本科,0.0061633281972265025,0.00296534080547206,0.2123301269668065,0.018649984094556645,0.0015837703289714898
S0499,中,28165991.28,网络诈骗,南京,46-55,大专,0.01078582434514638,0.011017314162146123,0.24017409266121725,0.04235000557503554,0.0017998551198957137
S0500,高,170005140.54,电话诈骗,苏州,26-35,研究生及以上,0.0061633281972265025,0.0030347868016598386,0.2162701259489841,0.020224038867747,0.0016469746531862148
S0501,中,137065369.99,电话诈骗,苏州,56+,研究生及以上,0.0061633281972265025,0.002840564234102913,0.21930367886171362,0.018919932344959763,0.0012113348138306705
S0502,低,27807699.5,兼职诈骗,北京,46-55,大专,0.0061633281972265025,0.0018364947117433077,0.21374613314864585,0.020316862027301045,0.0008526191305947359
S0503,低,3833240.48,兼职诈骗,深圳,36-45,大专,0.007704160246533128,0.006996157565666648,0.242996456904014,0.04685537419706085,0.001302753081970308
S0504,中,95220416.01,电话诈骗,北京,56+,本科,0.007704160246533128,0.0055604640645228525,0.23000525773691743,0.029286281948531764,0.0014416091676208113
S0505,低,4066836.74,色情诈骗,广州,46-55,初中及以下,0.0,0.0,0.0,1.6962935102980798e-32,0.00023198267862666256
S0506,高,62135267.09,网络诈骗,上海,56+,研究生及以上,0.0061633281972265025,0.002534417544727303,0.21510894406469425,0.01660257995045248,0.0012703038245802138
S0507,中,14390092.42,色情诈骗,南京,18-25,本科,0.0030816640986132513,0.0005952640661456134,0.2082601212842069,0.013551950369009807,0.0011242740120574353
S0508,中,136285731.69,兼职诈骗,上海,18-25,本科,0.01078582434514638,0.008894805370712425,0.2430886057310538,0.04612449913997471,0.0025520260695234415
S0509,中,96823115.75,兼职诈骗,武汉,18-25,本科,0.004622496147919877,0.0014538174178382339,0.2144612423261254,0.01814413318433543,0.0007232219842419457
S0510,高,16813001.17,短信诈骗,广州,56+,初中及以下,0.007704160246533128,0.006799543548450272,0.2415315197109227,0.05345722463621287,0.0009380154618682852
S0511,低,13859483.79,兼职诈骗,重庆,56+,研究生及以上,0.007704160246533128,0.006100742815267344,0.23480756531603988,0.03362604499679187,0.0018412109696370439
S0512,低,48375023.66,电话诈骗,南京,18-25,本科,0.0061633281972265025,0.002568221776473441,0.23091666185619195,0.031681864800664476,0.0012712128395508035
S0513,低,21287688.25,投资理财诈骗,武汉,56+,大专,0.007704160246533128,0.006087616723147764,0.2496201920999957,0.06318800870090872,0.0015267047139013515
S0514,低,8361077.03,电话诈骗,重庆,18-25,本科,0.007704160246533128,0.0044543930226248665,0.2364532103698963,0.04409506746470415,0.0010283598673754722
S0515,中,13899368.29,投资理财诈骗,重庆,46-55,大专,0.015408320493066256,0.01709073522827934,0.25187609167496616,0.07111514488407844,0.0036380520829484278
S0516,中,16094321.23,电话诈骗,成都,26-35,研究生及以上,0.0061633281972265025,0.0038569439221027117,0.22405615285312439,0.0233792192445425,0.0012751174865363033
S0517,高,73164717.61,投资理财诈骗,成都,46-55,大专,0.0061633281972265025,0.0036043136240606335,0.2275557874734785,0.0260332237148024,0.0016238455780474349
S0518,中,155513101.27,兼职诈骗,苏州,46-55,大专,0.004622496147919877,0.0019203281307743352,0.21017201747960293,0.01498048565114998,0.0006544937745349832
S0519,高,78586401.38,网络诈骗,武汉,56+,大专,0.0030816640986132513,0.0005512395681744536,0.20572036370757024,0.01224759365856833,0.0007630057195805514
S0520,中,42168058.51,短信诈骗,成都,56+,高中,0.01386748844375963,0.01474056930936468,0.25661515344787383,0.08160893534256483,0.0024466858750224908
S0521,中,16294908.47,投资理财诈骗,重庆,46-55,高中,0.009244992295839754,0.008024300779233218,0.24457254990949595,0.055511057416047484,0.0014914659578273975
S0522,低,10552826.57,兼职诈骗,武汉,46-55,高中,0.007704160246533128,0.0035655797022024734,0.23463567105153327,0.04578795343231329,0.0009452319196221349
S0523,中,143743520.11,网络诈骗,重庆,46-55,高中,0.009244992295839754,0.005083062691250286,0.23732863876815583,0.04940539568812934,0.0015644786004299115
S0524,低,15249234.41,网络诈骗,重庆,36-45,研究生及以上,0.009244992295839754,0.006478955405515554,0.23242373216562326,0.035624800447719256,0.0019864036491378224
S0525,高,67507534.97,投资理财诈骗,北京,18-25,本科,0.004622496147919877,0.0014353832073045797,0.2134614230145817,0.016299848960207176,0.0012042200652854777
S0526,中,48203782.42,色情诈骗,成都,18-25,高中,0.0061633281972265025,0.0026990096704592025,0.21998100662758713,0.022989079603134868,0.0015394356160900043
S0527,中,32880678.55,网络诈骗,武汉,18-25,高中,0.007704160246533128,0.006498014003259871,0.2374165382639959,0.03953821183878233,0.0014024542051897114
S0528,中,71573378.16,电话诈骗,重庆,56+,研究生及以上,0.007704160246533128,0.0052771623396021166,0.24494637115505882,0.05038587356082204,0.0018022788053557652
S0529,中,8936423.43,色情诈骗,广州,56+,本科,0.0030816640986132513,0.0005648831634446912,0.2022159789630249,0.010003026665330404,0.0007422981315850037
S0530,低,13339885.17,投资理财诈骗,北京,18-25,大专,0.004622496147919877,0.0014420665228859985,0.2085311168876997,0.013998971328181018,0.001223314338727309
S0531,中,21508870.01,色情诈骗,成都,46-55,大专,0.007704160246533128,0.0043780378000455025,0.22397786628678856,0.023768217471544006,0.0016223597841098216
S0532,中,59517066.23,短信诈骗,重庆,18-25,本科,0.0061633281972265025,0.0034456239715916536,0.23497971162492262,0.03306407332848469,0.0010373344565147774
S0533,高,500279345.28,色情诈骗,南京,26-35,高中,0.004622496147919877,0.001245952770596454,0.20651567439200674,0.01690991048940378,0.0008683641430237726
S0534,高,16906243.73,投资理财诈骗,广州,56+,大专,0.01386748844375963,0.0184778602966115,0.25227259083541476,0.06672723344814711,0.0024914406280003585
S0535,中,14311764.62,电话诈骗,上海,56+,高中,0.004622496147919877,0.0013916402179910635,0.2181097833660391,0.01917802584111771,0.0012581482627893198
S0536,中,160924507.71,投资理财诈骗,北京,36-45,初中及以下,0.01078582434514638,0.009487501551873435,0.24080565488835046,0.04121119295527923,0.0024660749529376606
S0537,高,291480479.61,色情诈骗,成都,56+,高中,0.012326656394453005,0.01586177693937657,0.2550834275021046,0.06061512678560933,0.002396771563891578
S0538,中,47149489.31,投资理财诈骗,重庆,36-45,研究生及以上,0.004622496147919877,0.002713088854913978,0.2285292881685522,0.028953408187772433,0.0012460115171205825
S0539,高,159682915.69,短信诈骗,南京,56+,大专,0.007704160246533128,0.006510915674706787,0.22893737618313886,0.02751184776538903,0.0023114052995795225
S0540,高,42046101.74,短信诈骗,重庆,46-55,初中及以下,0.0030816640986132513,0.0005736879189151071,0.21275295496607663,0.016057192709720617,0.0006510737589999446
S0541,高,2179247252.83,网络诈骗,广州,46-55,本科,0.0061633281972265025,0.003024172135516113,0.22975794025547988,0.035562026734192655,0.001843767474033221
S0542,中,7646927.02,短信诈骗,广州,18-25,大专,0.0015408320493066256,0.0,0.18601992260963113,0.006109733244876686,0.0005478205022749923
S0543,高,229417859.8,电话诈骗,深圳,18-25,高中,0.004622496147919877,0.0017438615925898199,0.22893737618313886,0.03185084510706497,0.001164583204861626
S0544,低,1620817.03,电话诈骗,深圳,46-55,高中,0.012326656394453005,0.013290327635209948,0.2542739600606065,0.07309880153033269,0.002569207106230812
S0545,低,4928945.85,网络诈骗,北京,26-35,研究生及以上,0.0030816640986132513,0.0005970107539060524,0.20343530730332876,0.010386300423848728,0.0007632274956402333
S0546,高,139343921.03,投资理财诈骗,杭州,36-45,大专,0.0015408320493066256,0.0,0.16935922148290328,0.002284376682654082,0.0006154154085317709
S0547,中,83425511.06,兼职诈骗,苏州,26-35,研究生及以上,0.007704160246533128,0.004571434720591218,0.22043488765914335,0.019568656610390613,0.0018356701387751394
S0548,中,20576272.58,投资理财诈骗,苏州,26-35,本科,0.007704160246533128,0.004378055448887526,0.23058440766647081,0.031540948927147316,0.0016205415504708897
S0549,中,49736440.96,网络诈骗,广州,46-55,初中及以下,0.0061633281972265025,0.0033198041100788093,0.2253162226055497,0.02651588434289707,0.0014552551630404719
S0550,中,8777572.75,电话诈骗,广州,56+,初中及以下,0.009244992295839754,0.007984030091256464,0.23567082842381942,0.04008219585031186,0.0017716441190707135
S0551,中,51133935.72,兼职诈骗,深圳,26-35,研究生及以上,0.007704160246533128,0.004694133369310468,0.22787936484635227,0.02832960286498523,0.0017922233776434167
S0552,中,49501579.79,电话诈骗,深圳,36-45,高中,0.009244992295839754,0.008833707472437299,0.23654046247704386,0.039259567019492896,0.002521677309435982
S0553,低,1859876.26,兼职诈骗,杭州,56+,初中及以下,0.009244992295839754,0.006827504437206877,0.2446658982109881,0.04346630016649406,0.001760484597811676
S0554,高,90968094.54,网络诈骗,南京,56+,初中及以下,0.007704160246533128,0.007582419862327204,0.24749986614393393,0.047615908529842065,0.001487085386360471
S0555,低,5299349.81,兼职诈骗,深圳,36-45,大专,0.0061633281972265025,0.0028314909042981757,0.21803559636489417,0.019450835266571,0.00116849620478085
S0556,高,23751875.56,投资理财诈骗,南京,36-45,本科,0.007704160246533128,0.005607176120911251,0.21788737366172295,0.022422575826729945,0.001857756439928624
S0557,中,25686848.96,电话诈骗,杭州,18-25,大专,0.01078582434514638,0.010042563025424125,0.24913511593967697,0.050206887291337425,0.0024670963014879373
S0558,高,205301674.75,网络诈骗,南京,46-55,研究生及以上,0.0030816640986132513,0.0005031525468504064,0.2049966911777387,0.012861492765885364,0.00086622656133135
S0559,中,23201440.86,电话诈骗,重庆,36-45,高中,0.0030816640986132513,0.0005288378033287119,0.21568797217792357,0.018783413437791628,0.0010016905494911374
S0560,中,11699436.54,网络诈骗,北京,36-45,高中,0.009244992295839754,0.00862214501300905,0.24692783255500342,0.05598932501973632,0.002424326207854488
S0561,中,53147754.92,网络诈骗,杭州,56+,初中及以下,0.009244992295839754,0.007325522972192232,0.24244502772798368,0.048606681671325355,0.0019327359343652819
S0562,中,28541737.09,网络诈骗,广州,46-55,初中及以下,0.007704160246533128,0.0047488715280137265,0.23267682515890703,0.04599039841416281,0.0016589174343081162
S0563,低,18795231.4,短信诈骗,南京,18-25,高中,0.0061633281972265025,0.0032173634876652745,0.21590591219696492,0.020214729074765965,0.0018103831587819729
S0564,中,80267535.98,色情诈骗,成都,18-25,高中,0.007704160246533128,0.003062712823464014,0.21065548909391682,0.015936999787499677,0.0020089895859261597
S0565,低,6301550.96,色情诈骗,深圳,46-55,研究生及以上,0.0061633281972265025,0.0033283494549095198,0.22659054553297592,0.02916281407501253,0.0015037494463865419
S0566,低,3665421.4,网络诈骗,苏州,18-25,初中及以下,0.012326656394453005,0.014564884210850506,0.2510868207257301,0.05325874283415188,0.0026574957973609327
S0567,中,52033773.41,投资理财诈骗,上海,18-25,大专,0.009244992295839754,0.004786973964231636,0.2246056949238924,0.03246477134409473,0.0021575359397005686
S0568,中,19355499.32,短信诈骗,武汉,26-35,初中及以下,0.0061633281972265025,0.0036037989761064436,0.23865400346715893,0.05421044771770893,0.0011391436237824727
S0569,低,2413851.96,短信诈骗,广州,18-25,初中及以下,0.004622496147919877,0.0013800732868907144,0.2075185022054998,0.012977446014918487,0.0014641769988812073
S0570,低,7706532.45,短信诈骗,杭州,18-25,研究生及以上,0.007704160246533128,0.006213023862432237,0.2378570142162482,0.0377451096749588,0.0015829356689569482
S0571,中,26043449.6,色情诈骗,广州,36-45,本科,0.009244992295839754,0.008387822832297531,0.23706533036715566,0.03398134475344565,0.0022914550069712243
S0572,高,86477224.43,短信诈骗,重庆,18-25,本科,0.007704160246533128,0.0036292673596955596,0.23377996109146204,0.03712367892785482,0.0016975363440120189
S0573,中,7452575.76,色情诈骗,广州,18-25,研究生及以上,0.007704160246533128,0.004767832740807643,0.23523840488542713,0.04455437891039725,0.001420726371716458
S0574,高,182322298.56,色情诈骗,武汉,36-45,高中,0.0061633281972265025,0.0026719799777002286,0.2285292881685522,0.026625273163269538,0.0010255391018805066
S0575,低,7612719.0,网络诈骗,杭州,36-45,研究生及以上,0.007704160246533128,0.005211233872617206,0.23175150155921506,0.03132995425785258,0.0013799845428415108
S0576,中,38133695.84,网络诈骗,南京,18-25,研究生及以上,0.009244992295839754,0.007004636977957753,0.23662777900066034,0.040503453575029026,0.0021753187334883797
S0577,中,16651555.43,短信诈骗,北京,26-35,初中及以下,0.012326656394453005,0.012938842172088027,0.2570267254662345,0.0919970937938832,0.002384635731667698
S0578,中,28393333.28,兼职诈骗,上海,46-55,初中及以下,0.01078582434514638,0.011084399607405098,0.25207418533731374,0.06237043050396454,0.0020293663891698616
S0579,中,100998800.95,色情诈骗,苏州,36-45,研究生及以上,0.004622496147919877,0.0022166656800981506,0.2203591107984836,0.02600559675722112,0.001307444779965352
S0580,高,281281582.23,兼职诈骗,武汉,26-35,高中,0.007704160246533128,0.007036998300344529,0.24447927281189508,0.0458530657690431,0.0019153180817118396
S0581,低,10716746.39,电话诈骗,北京,26-35,高中,0.007704160246533128,0.0061223629275535905,0.24235336609179164,0.043713238111569346,0.0016612289447780631
S0582,高,50582258.65,色情诈骗,成都,56+,高中,0.004622496147919877,0.002818069246233474,0.23558421657948875,0.040816166021313875,0.0012875391880898162
S0583,中,5214910.71,投资理财诈骗,苏州,36-45,大专,0.004622496147919877,0.001943994506293544,0.21568797217792357,0.020587649389609126,0.0012308606765358606
S0584,高,26084627.33,网络诈骗,广州,26-35,本科,0.007704160246533128,0.0050707027721724664,0.22861078934122284,0.028782545506430248,0.0020331910632658892
S0585,中,14589586.46,短信诈骗,南京,46-55,大专,0.004622496147919877,0.0021282592978618554,0.22312031093379356,0.0267582930845118,0.0011627163079735137
S0586,中,51079576.49,投资理财诈骗,广州,46-55,大专,0.009244992295839754,0.007130307888226805,0.22918292932169784,0.03302823329015258,0.0020159328919366875
S0587,中,108594550.47,色情诈骗,成都,36-45,本科,0.012326656394453005,0.012695291403179099,0.24645315390726216,0.0536648649319415,0.002566986518040634
S0588,高,182095768.68,电话诈骗,深圳,18-25,大专,0.01078582434514638,0.00789124967882087,0.23732863876815583,0.047109873693841654,0.0024795112545269024
S0589,高,114701521.02,短信诈骗,武汉,46-55,高中,0.007704160246533128,0.007041749657961244,0.24874841028823783,0.06542289513776182,0.0015947519401292916
S0590,中,46446403.99,兼职诈骗,北京,18-25,研究生及以上,0.01078582434514638,0.008080959106810627,0.24447927281189508,0.04862820690626075,0.002091708239253771
S0591,中,23821573.81,网络诈骗,重庆,46-55,初中及以下,0.009244992295839754,0.00540857778444821,0.22828513294614988,0.027035505985803215,0.001894432997565514
S0592,低,2171769.56,电话诈骗,南京,18-25,高中,0.007704160246533128,0.004899699533748596,0.22413449416531078,0.025237806055135894,0.0015245020082408373
S0593,高,27839780.16,短信诈骗,杭州,18-25,本科,0.004622496147919877,0.002877401254615141,0.23420703445845412,0.030741573197071194,0.0009280011415054018
S0594,低,9565564.57,投资理财诈骗,成都,36-45,高中,0.0061633281972265025,0.0029712235087870783,0.2237433344896296,0.0257768431077011,0.0013057194066564402
S0595,低,14338514.54,网络诈骗,重庆,26-35,本科,0.007704160246533128,0.004439987239383802,0.23759253273268677,0.046484363620854736,0.001738672231634668
S0596,高,14388678.35,网络诈骗,杭州,46-55,初中及以下,0.0015408320493066256,0.0,0.1903845124184107,0.006879423026991105,0.0005508382967729269
S0597,高,26434370.97,短信诈骗,上海,36-45,高中,0.009244992295839754,0.00698284578785755,0.23489360693030006,0.04040661499237077,0.0017084266960539108
S0598,中,14380708.5,电话诈骗,苏州,26-35,高中,0.01078582434514638,0.009810626473833645,0.24759546284773615,0.059873318865387104,0.002619603459693168
S0599,低,2714690.58,电话诈骗,南京,18-25,大专,0.01078582434514638,0.009026941647063729,0.23158405105230812,0.029817350725795312,0.002551342090903343
S0600,中,40629102.04,短信诈骗,重庆,18-25,初中及以下,0.004622496147919877,0.0019893990499062686,0.22165444443734056,0.02756481864105232,0.0008088417748788059
S0601,高,36396106.03,投资理财诈骗,北京,56+,初中及以下,0.012326656394453005,0.013986634003278963,0.25187609167496616,0.05729855088183914,0.002275087380498246
S0602,高,193470418.07,短信诈骗,杭州,26-35,研究生及以上,0.007704160246533128,0.005058531038327402,0.23075041515939126,0.028763952453529956,0.0018075456717834746
S0603,低,31619186.98,投资理财诈骗,上海,46-55,大专,0.009244992295839754,0.00577827833641359,0.24171367017827636,0.05090102193167373,0.002062246509117291
S0604,低,17033457.46,投资理财诈骗,上海,26-35,大专,0.009244992295839754,0.007331269051374684,0.23318466835678026,0.034598852529223435,0.0018324381078750507
S0605,中,49123612.9,兼职诈骗,南京,46-55,本科,0.0061633281972265025,0.0035160460753714306,0.22959335720372095,0.033972567618377046,0.0014524492072467588
S0606,高,17760831.44,短信诈骗,南京,26-35,初中及以下,0.0030816640986132513,0.0006006087079890081,0.20304867067240698,0.010567207227979474,0.0009092194596300495
S0607,高,49993554.11,兼职诈骗,北京,26-35,本科,0.007704160246533128,0.005436124713310686,0.24134964356656208,0.04858064353964089,0.0016281923071039045
S0608,中,24976856.61,短信诈骗,深圳,36-45,大专,0.0030816640986132513,0.0003630010287332092,0.20247146345950376,0.011993038332387346,0.0007512238491583676
S0609,低,71429637.26,网络诈骗,杭州,56+,高中,0.01078582434514638,0.011411129275415093,0.2509885095194945,0.05014193320009337,0.00205231390624141
S0610,低,1512003.18,网络诈骗,苏州,56+,本科,0.0061633281972265025,0.003899223375920466,0.22397786628678856,0.021020040449909832,0.0016870588363201036
S0611,中,8065283.19,网络诈骗,北京,56+,研究生及以上,0.007704160246533128,0.005628163790249824,0.2467377418447994,0.051167685048461475,0.0016628974782749407
S0612,中,15137418.59,短信诈骗,广州,18-25,研究生及以上,0.012326656394453005,0.010238201729312751,0.2453213368973551,0.05154331087872761,0.00216399349768743
S0613,中,39351244.39,短信诈骗,成都,18-25,研究生及以上,0.004622496147919877,0.0015077785331528806,0.21211934259192222,0.016196887893491482,0.0009772555437756398
S0614,中,38953358.11,兼职诈骗,深圳,56+,初中及以下,0.0061633281972265025,0.0021981487531311903,0.23008781525943606,0.03832072105761196,0.0013000331379506252
S0615,中,36458427.77,投资理财诈骗,上海,18-25,初中及以下,0.01078582434514638,0.010144472303698446,0.24855550729460602,0.05811759330698858,0.002004804421930557
S0616,中,101336561.99,电话诈骗,广州,26-35,高中,0.0030816640986132513,0.0006786701807909226,0.2153980689895124,0.01728307374073113,0.0008675232329676996
S0617,中,12487898.43,电话诈骗,苏州,36-45,本科,0.0061633281972265025,0.0035564526777934636,0.2364532103698963,0.03192934894940662,0.0010881019812011847
S0618,中,40737814.38,短信诈骗,成都,18-25,初中及以下,0.012326656394453005,0.010318103493215764,0.24588594296616376,0.0529575216911891,0.0024987552451417186
S0619,中,97869653.35,网络诈骗,上海,26-35,大专,0.004622496147919877,0.001825565849193619,0.2172228577813585,0.021494880630730365,0.00115100967454763
S0620,中,94909962.64,网络诈骗,上海,56+,研究生及以上,0.0061633281972265025,0.0034415559459408255,0.22861078934122284,0.028856158883399017,0.0014631543103816097
S0621,中,70483081.48,电话诈骗,北京,56+,研究生及以上,0.01386748844375963,0.01610747062707952,0.2617495521897872,0.08220625796295299,0.0029008564644566687
S0622,中,32792324.04,短信诈骗,苏州,26-35,初中及以下,0.01078582434514638,0.010177281130773107,0.2513822169854074,0.0693963604419534,0.0018111721722453128
S0623,低,18848120.45,短信诈骗,成都,36-45,研究生及以上,0.004622496147919877,0.0021973883419263308,0.2245270239274217,0.02445129651758456,0.001242193427059389
S0624,中,125469180.55,兼职诈骗,杭州,36-45,高中,0.007704160246533128,0.005624341104318118,0.24244502772798368,0.053670593696223685,0.0018331192951563371
S0625,高,229374281.35,网络诈骗,南京,18-25,大专,0.007704160246533128,0.00467209975881215,0.22180783851653596,0.022643596649805864,0.0017994781144466004
S0626,高,75405327.75,色情诈骗,成都,56+,大专,0.007704160246533128,0.0035932687345920254,0.2264304674365203,0.03079950451804093,0.0014234707759879204
S0627,低,7272469.8,短信诈骗,杭州,18-25,高中,0.007704160246533128,0.004125175413686523,0.22188461519999617,0.024020737997006093,0.001949855736113135
S0628,低,877552.35,电话诈骗,武汉,46-55,初中及以下,0.0061633281972265025,0.002944811363251395,0.2138887732108071,0.01727193287154136,0.00167599836846565
S0629,中,38563963.74,网络诈骗,上海,26-35,研究生及以上,0.007704160246533128,0.00569272998281685,0.2336947332529307,0.03466208052193251,0.0016018660156490666
S0630,低,35842807.14,投资理财诈骗,重庆,56+,大专,0.009244992295839754,0.007690293932345873,0.23936693551635133,0.040346446603470934,0.0027247518257157216
S0631,高,18850852.66,短信诈骗,苏州,46-55,大专,0.004622496147919877,0.001392198669128401,0.20304867067240698,0.011555397322344733,0.0009034265244147446
S0632,中,7589768.36,短信诈骗,重庆,36-45,大专,0.0061633281972265025,0.0036416270580697007,0.22828513294614988,0.028441890953397955,0.0013901947702685614
S0633,中,45306283.34,网络诈骗,上海,56+,初中及以下,0.0061633281972265025,0.0018049076680422423,0.22058659783647244,0.024657845764810334,0.0013817849675784373
S0634,中,44850693.88,网络诈骗,重庆,26-35,研究生及以上,0.004622496147919877,0.0005434563117000477,0.2077202376256607,0.021315294402361754,0.0009274253233262293
S0635,中,125973751.09,投资理财诈骗,北京,36-45,研究生及以上,0.007704160246533128,0.005702970388007179,0.2380336625743739,0.03743066613601271,0.0021170507835658447
S0636,高,21353310.37,投资理财诈骗,苏州,46-55,初中及以下,0.004622496147919877,0.0011000414819658834,0.20279172834950612,0.010873348080171976,0.0012279014770434473
S0637,中,11006451.26,短信诈骗,杭州,26-35,本科,0.0030816640986132513,0.00025710433563054145,0.20395311909411037,0.01283271970022347,0.0007877188095757717
S0638,低,7746749.75,兼职诈骗,南京,26-35,本科,0.004622496147919877,0.0019244783266795518,0.21324838766227175,0.01512342654269418,0.0011698259796526903
S0639,中,12303443.08,短信诈骗,成都,56+,大专,0.004622496147919877,0.0013515452738398375,0.21474862757547367,0.017291801988826603,0.001317105016165001
S0640,低,28003513.62,色情诈骗,重庆,46-55,大专,0.0030816640986132513,0.0008165378408863353,0.21922867760355297,0.021399028930394436,0.0006753463460970257
S0641,高,82526804.38,投资理财诈骗,广州,26-35,高中,0.0061633281972265025,0.003045304735436433,0.21796145981393705,0.01823511659582499,0.001301362639838642
S0642,低,6819326.27,网络诈骗,南京,18-25,大专,0.0061633281972265025,0.00207923637264351,0.22296509680444832,0.03948044443808804,0.0018869355428328643
S0643,低,2656716.64,兼职诈骗,杭州,26-35,研究生及以上,0.004622496147919877,0.0018337380871439404,0.21561542324681765,0.017113297147135054,0.0010967105645643314
S0644,中,99760324.97,色情诈骗,重庆,56+,本科,0.0061633281972265025,0.0025333359381516187,0.22691138170364208,0.029005809931995852,0.001343534175461302
S0645,中,69201024.68,网络诈骗,武汉,18-25,研究生及以上,0.01078582434514638,0.009848146758474303,0.24162256061545,0.041950332842131885,0.002221669358915309
S0646,高,149485016.78,色情诈骗,杭州,36-45,研究生及以上,0.0061633281972265025,0.00513160449901941,0.23506587946930288,0.04319788878617955,0.0011567159569830354
S0647,中,47968417.28,网络诈骗,武汉,36-45,研究生及以上,0.0061633281972265025,0.0032648219342400926,0.22627061535926185,0.026181106462933573,0.001437121277877669
S0648,中,52890545.08,兼职诈骗,南京,26-35,高中,0.004622496147919877,0.0019435435966384277,0.21303577710627747,0.018665634237502032,0.0007644691413149796
S0649,中,59721644.81,色情诈骗,深圳,46-55,大专,0.007704160246533128,0.004907560929628522,0.22707214074133505,0.02487103529074826,0.0022932874000118715
S0650,低,26953312.66,短信诈骗,重庆,36-45,研究生及以上,0.007704160246533128,0.006107664802858609,0.24410687483350682,0.06476183563085457,0.0017104334523969315
